id,domain,status,purchase_price,renewal_price,attractiveness,demand,length,registrar,created_at,expires_at,status_verified_at
82b7cab3-c29c-417a-8426-8c05da0be486,demonstration.de,resell,,,high,low,13,,,,
a977aa1a-6f78-4961-a144-1bc3cef9cf0b,loaded.de,resell,,,high,low,6,,,,
77308f23-1fa5-4308-8d88-197d8189b903,agleam.de,available,5.99,5.99,medium,low,6,namesilo,,,
6128e805-1695-454f-8e36-7c1bf3c75171,within.de,resell,,,high,low,6,,,,
a504deb6-2fe9-46a0-8eaa-9f4d18ece4cf,satisfy.de,resell,,,high,low,7,,,,
951cf431-9453-4b13-b53d-09d4bec070e3,girl.de,resell,,,high,low,4,,,,
3bcf997d-0e96-4393-a173-f6e014e87dd3,riled.de,available,5.99,5.99,medium,low,5,namesilo,,,
7fda4002-1424-4de6-bc9a-ac8fcbd1282c,abortive.de,resell,,,medium,low,8,,,,
27c7811f-971a-44e7-8992-56049f976730,chain.de,resell,,,high,low,5,,,,
98791da9-a5f4-4e34-a1e8-b9705d0b2ea7,conventionally.de,available,19.99,19.99,medium,low,14,name.com,,,
c53c4096-febe-456d-84ea-c8ab3ba7127f,scummy.de,available,5.99,5.99,medium,low,6,namesilo,,,
24431759-28a3-4a4a-9634-e0ae827bc651,righteous.de,resell,,,high,low,9,,,,
7de07b09-b61c-401b-91c1-b1967956c275,acetonic.de,available,5.99,5.99,medium,low,8,namesilo,,,
2412fa98-0aad-407e-b626-005dc64bbb70,subjects.de,resell,,,medium,low,8,,,,
8f02289a-9278-4afc-860e-820c9ed6f77b,baggage.de,resell,,,high,low,7,,,,
c4d5883e-fa5f-4d37-b153-e2678a2f4f63,beneath.de,resell,,,medium,low,7,,,,
562d514d-a0cd-4ded-a737-1d610fcf1bb9,freaking.de,resell,,,medium,low,8,,,,
c604b381-14bd-4c27-a3bb-8cd357fd69a5,overwhelm.de,resell,,,high,low,9,,,,
91677f07-b175-4b6d-b278-a9263d77d088,customer.de,resell,,,high,low,8,,,,
4c5052b1-6567-4067-bdeb-9572aa0863e3,annelid.de,available,5.99,5.99,medium,low,7,namesilo,,,
4406c693-c839-48f5-9ae6-18df9ed03a0e,esteem.de,resell,,,high,low,6,,,,
72cd7b9e-1bb6-4d96-8d20-4eca91e91977,yall.de,resell,,,medium,low,4,,,,
86d90fbb-a2ea-4b08-8120-e5f5042c42f5,campaigner.de,resell,,,high,low,10,,,,
622195eb-a5a0-4569-83f1-0735d82ea3dc,abkhazian.de,available,5.99,5.99,medium,low,9,namesilo,,,
c811f838-4f9a-4bf0-8729-8a1f2bbf7dbf,azonal.de,available,5.99,5.99,medium,low,6,namesilo,,,08/08/2026 02:27
a2c3982a-6aa2-4872-b66d-5998b1740907,knotty.de,resell,,,medium,low,6,,,,
820a0b56-ad3a-4c9b-96cf-329527bac17b,parched.de,resell,,,medium,low,7,,,,
5b2beedd-fd3a-4fd8-99d3-89373a3d6f15,respecting.de,resell,,,medium,low,10,,,,
53250676-9f97-4464-ad9a-18860148fda8,kilogramme.de,available,19.99,19.99,medium,low,10,name.com,,,
4c842c41-38cd-426f-9572-09c5d066e9c7,longer.de,resell,,,high,low,6,,,,
c1f855dc-ced7-46f9-87e9-3ab01d5c3cac,adonic.de,resell,,,medium,low,6,,,,
d2abcef4-e67e-473d-ae59-80af8e32fcb8,dedicate.de,resell,,,high,low,8,,,,22/09/2026 09:20
050522c1-fcb1-4e4d-aa61-7d415460edca,execrable.de,available,5.99,5.99,low,low,9,namesilo,,,
1822dd28-4e1d-473f-85b6-fceeff6221ef,cautionary.de,available,5.99,5.99,medium,low,10,namesilo,,,
e1dc4377-858e-4a3a-8921-4faa1581be3a,likely.de,resell,,,high,low,6,,,,
b21e3d60-9dde-47be-a9cc-c80567a2d916,amorphous.de,resell,,,medium,low,9,,,,
da96800d-aeeb-467c-943a-d300899cf2eb,oneself.de,resell,,,high,low,7,,,,
4569ace7-e838-480d-8931-6dd6a7ef62a6,rested.de,resell,,,high,low,6,,,,
1489e5fb-35f9-4522-ad6b-29adce5dd490,arrayed.de,available,5.99,5.99,medium,low,7,namesilo,,,06/08/2026 21:37
34923e20-ebad-4f1a-9994-645c5033257e,peel.de,resell,,,high,low,4,,,,
44456df3-4f3f-476e-8c35-c0d72489b660,paint.de,resell,,,high,low,5,,,,
e50b97ae-e054-4e66-9e3d-5d58303253a4,ever.de,resell,,,high,medium,4,,,,
40142dc0-0f8a-4f61-987c-24227ebca465,pineapple.de,resell,,,high,low,9,,,,
054747ed-19af-46b6-867d-6a62d101beaf,anticipated.de,resell,,,high,low,11,,,,08/09/2026 14:34
221d1a0c-ea73-4bf6-96dc-916b26da744b,bothersome.de,available,5.99,5.99,medium,low,10,namesilo,,,
f463f973-3ad1-44e5-9fa5-8631867ca4cc,rarefy.de,resell,,,medium,low,6,,,,07/08/2026 15:31
2a2b5530-a27c-441c-9261-832380bb1156,askant.de,available,5.99,5.99,medium,low,6,namesilo,,,07/08/2026 03:05
ae92a0dd-929e-40c0-9a53-cd92e5746e66,aerobiotic.de,available,5.99,5.99,medium,low,10,namesilo,,,
198af0f9-8ae1-4dae-ae68-61b932ff5c05,acetic.de,available,5.99,5.99,medium,low,6,namesilo,,,
cb261217-250d-4d6b-a9ef-eabc1d98d554,keeping.de,resell,,,high,low,7,,,,
7a131f2e-fe8e-44c4-8161-8106fe305857,slope.de,resell,,,high,low,5,,,,17/09/2026 18:46
d8e79823-36c4-4c8b-95ff-676c2a205615,freeway.de,resell,,,high,low,7,,,,
ae95beb9-1706-41c2-a2f0-e029bdd24882,falls.de,resell,,,high,low,5,,,,
8e17f443-03c0-4d79-85c7-e88103a43f94,while.de,resell,,,high,low,5,,,,
594f630a-16db-47c4-9202-2bc5391244b7,hipaa.de,resell,,,high,low,5,,,,
680df7e7-8f44-4868-9820-ecce48c39549,asinine.de,available,5.99,5.99,low,low,7,namesilo,,,07/08/2026 02:35
07b663a3-320a-4511-83bf-7b82b7abe8a4,obtained.de,resell,,,medium,low,8,,,,
aa4dfeee-c702-42ce-8470-1974e5642548,poisoning.de,resell,,,medium,low,9,,,,
9b1b76be-be95-4289-9517-9b42dd0e5eeb,sympathy.de,resell,,,high,low,8,,,,
8672fcef-53a6-4043-91b4-e6467b8906b2,inconsistent.de,available,19.99,19.99,medium,low,12,name.com,,,
6adf796c-73dd-4f5c-b550-4990447029bf,belarusian.de,available,5.99,5.99,high,low,10,namesilo,,,09/08/2026 12:32
a0e689e4-942e-495a-a818-3c334f345041,concluded.de,resell,,,high,low,9,,,,
306af1c9-3b24-4114-a757-30034ea17c15,abrupt.de,resell,,,high,low,6,,,,
826bcd79-0e0c-440c-8268-ad6655eb4d0f,patriotism.de,resell,,,high,low,10,,,,
e3d9d9c2-b661-4675-b8b9-7ad6cb2a9839,planless.de,available,19.99,19.99,medium,low,8,name.com,,,
0db41db1-fd54-4cd4-a4d8-f7a500a54b33,carnal.de,resell,,,high,low,6,,,,
f734f732-f288-4de6-bb89-e21fd0cc2436,allotropic.de,available,5.99,5.99,medium,low,10,namesilo,,,
ba5cf854-1c4f-41be-a4a7-95947ebf97ef,californian.de,resell,,,high,low,11,,,,
450c08bb-778e-4c07-9891-640631bb7ec1,turned.de,resell,,,high,low,6,,,,
e4feeb94-a2ae-436a-b359-2899177e72c4,totaled.de,available,5.99,5.99,high,low,7,namesilo,,,
bc05776b-437d-4531-82f4-149a975a9e1a,superbly.de,resell,,,high,low,8,,,,
270e8d60-e600-4261-abda-a9d871067b1a,amoeboid.de,available,5.99,5.99,medium,low,8,namesilo,,,
244a4208-1904-4c89-bc87-25fc1cd51af1,androgenic.de,available,5.99,5.99,medium,low,10,namesilo,,,
eb8e2497-4ef1-4d2a-8523-7375755cb12b,algid.de,available,5.99,5.99,medium,low,5,namesilo,,,
f6596b8e-349f-4904-98e2-3761cc13b3f4,lxxiv.de,available,6.98,9.88,medium,low,5,namecheap,,,
b6e2dda1-92a4-4646-bb8e-c2e8f9aab52a,acquitted.de,available,6.98,9.88,medium,low,9,namecheap,,,
6a521c8d-e959-4d4f-ae1e-f28474f0789d,skateboarding.de,resell,,,medium,low,13,,,,
c96364f2-9031-4233-8b83-b114dc61ab8c,condolence.de,resell,,,medium,low,10,,,,
a37eee6a-20c3-4160-a557-22a84762ece0,actinic.de,available,6.98,9.88,medium,low,7,namecheap,,,
cddde986-4618-4701-a156-2fc108e2db4c,livid.de,resell,,,medium,low,5,,,,07/08/2026 02:24
169f4d40-8522-44c1-8baf-d1c831588349,acid.de,resell,,,high,low,4,,,,
e988c73a-82f3-419d-928c-96a49bd819cc,analyzable.de,available,5.99,5.99,medium,low,10,namesilo,,,
14e31fcb-e230-4bb8-b250-4b13d81dc35e,introduction.de,resell,,,high,low,12,,,,
1c367a28-939a-4fb0-a3cf-5b095319612d,assuring.de,resell,,,medium,low,8,,,,07/08/2026 08:31
74485f70-05bb-474b-ad5f-773c5ca452fd,damascus.de,resell,,,high,low,8,,,,
bc391013-ad93-448e-a100-ca68740b4f24,coldly.de,resell,,,medium,low,6,,,,
59772117-396f-43fb-ace1-573acc42e852,unskilled.de,resell,,,medium,low,9,,,,
ebe70a63-2197-42f0-b19e-ee1ad6be485c,importantly.de,resell,,,medium,low,11,,,,
0605404b-6a03-4c66-a289-dc6362b34015,organizations.de,resell,,,low,low,13,,,,
1469a434-33df-4a09-acc1-27de1d5ecea9,competing.de,resell,,,high,low,9,,,,
207651ee-a662-4a0f-a1e4-75249dbb8092,addled.de,available,5.99,5.99,medium,low,6,namesilo,,,
107fac3d-cc09-42e7-ba26-3d918ff2dbe6,enwrapped.de,available,5.99,5.99,medium,low,9,namesilo,,,
231aec9e-c04e-467e-9b13-e491706886b2,supposedly.de,available,19.99,19.99,medium,low,10,name.com,,,
6a3a0da3-6ac2-425c-b017-5cdfeaf24718,affinal.de,available,5.99,5.99,medium,low,7,namesilo,,,
5bd4de91-436c-4cbb-b246-073bdafaad1b,acinous.de,available,6.98,9.88,medium,low,7,namecheap,,,
351b3dc9-1393-4d0d-aea1-97577b6644ed,mouthwash.de,resell,,,high,low,10,,,,
d33cb094-1bb4-486b-96e6-3ec01c836f25,irritated.de,available,5.99,5.99,medium,low,9,namesilo,,,
a772e6a5-5c3b-473f-9912-41df4ddb88e5,rigorous.de,resell,,,high,low,8,,,,
758ff7a1-786c-4e34-83c3-399631337250,dakar.de,resell,,,high,low,5,,,,
72e25be5-625a-4fda-ab0a-f4154df42287,lend.de,resell,,,high,low,4,,,,
466f5022-283f-44fd-b024-3dcce21bf000,became.de,resell,,,medium,low,6,,,,
f11eea19-af0d-4264-9e7b-61cc9521ecc2,amatory.de,resell,,,medium,low,7,,,,
d8a48435-0c9b-46b2-a1a8-a0e9ede9e2a4,brighten.de,resell,,,high,low,8,,,,
2e6eb3a7-1b11-4c29-b65a-38e29a669a26,interstate.de,resell,,,high,low,10,,,,
71f1636f-ac45-4922-979c-aa0074b382ef,alfresco.de,resell,,,high,low,8,,,,
7be4961d-4bc4-4dc8-8917-c09d8576368b,ability.de,resell,,,high,low,7,,,,
0a94aa07-bd0d-4a4e-9bf7-355be24691c7,neighborhood.de,resell,,,high,low,12,,,,
f3ab8444-6942-4321-a272-85d4d75d2e99,sighted.de,resell,,,high,low,7,,,,
09f2e9f5-f061-49c1-b139-4345789e0c10,spoken.de,resell,,,high,low,6,,,,
43fad275-c7c4-4389-b437-6f0b22cfb6fe,clxxv.de,available,5.99,5.99,medium,low,5,namesilo,,,
fa10fd20-9f43-4625-b5fb-a3dcdaa71b39,communicate.de,resell,,,high,low,11,,,,
55cda714-e9cb-4f6e-8c09-ad5907a7b05c,uproar.de,resell,,,high,low,6,,,,
5383f589-1367-486c-80a2-6129445b53e6,bears.de,resell,,,high,low,5,,,,
32bbaa97-ec70-41a9-b454-ec4b7bba0e53,bulb.de,resell,,,high,low,4,,,,
6981e7e6-6c36-49cb-ba5e-6b98076685df,trained.de,resell,,,high,low,7,,,,
4fcb7397-659e-4b1c-aca4-5ff59b059285,backstage.de,resell,,,high,low,9,,,,
9073df3b-3e37-47f5-af99-c81f24df9877,established.de,resell,,,high,low,11,,,,
48fff5bc-e887-414d-959c-b84305ba5af0,alimental.de,available,5.99,5.99,medium,low,9,namesilo,,,
4e42957a-8e8f-4388-bdc9-95fe6d52f17b,photography.de,resell,,,high,low,11,,,,
3a7b6dec-2856-4c88-b20d-22528a1e03f2,acne.de,resell,,,high,low,4,,,,
a3e993c6-25d0-44ee-9c3c-885fb8f4b12b,acned.de,available,6.98,9.88,low,low,5,namecheap,,,
17a3ee0f-09f0-47e2-b2b5-ae52833962e0,bathyal.de,available,5.99,5.99,low,low,7,namesilo,,,09/08/2026 01:34
839ccab8-c242-4c47-be34-6aabca6288c7,ruined.de,resell,,,high,low,6,,,,
e0e52fa1-0d8a-4c83-8282-285d5d8b269d,headteacher.de,available,19.99,19.99,high,low,12,name.com,,,
dc43d8b3-a5d2-4f3c-9f2b-f301febd755e,allogeneic.de,available,5.99,5.99,medium,low,10,namesilo,,,
f20313de-7120-4e3e-b59f-b93e30c5dca4,introduce.de,resell,,,high,low,9,,,,
4f1a3727-b0fa-473b-af59-74f1f1ed7efa,sheet.de,resell,,,high,low,5,,,,
c9e628e6-0702-4efb-ab3b-fef7e7ed9d58,allegoric.de,available,5.99,5.99,medium,low,9,namesilo,,,
6f2a7bd3-da4a-4cca-8020-15a1e6f56570,acerose.de,available,5.99,5.99,medium,low,7,namesilo,,,
ba1d6e76-93c2-42a6-91c8-7112b27c1035,barebacked.de,available,5.99,5.99,low,low,10,namesilo,,,08/08/2026 18:44
282452e9-ff26-40a2-8d27-ea0c34c49eaf,lookup.de,resell,,,high,low,7,,,,
8800e426-13d9-4dac-916d-c0cacc01256b,appoint.de,resell,,,high,low,7,,,,
dd54635b-5db4-4641-8f1f-c340336244fd,mother.de,resell,,,high,low,6,,,,
6e26a971-946e-4a7e-98b3-de9013f26414,amerind.de,available,5.99,5.99,high,low,7,namesilo,,,
5382bf73-d539-4a10-b8dc-af754ee0f975,barreled.de,available,5.99,5.99,medium,low,8,namesilo,,,08/08/2026 20:46
8306e52d-6784-4afc-9211-f3fe4312be87,irrational.de,resell,,,high,low,10,,,,
71459ff7-47f1-44db-b21e-aefcea7f567f,antenna.de,resell,,,high,low,7,,,,
ead868f1-7f9f-48de-b52c-529f4ecbce7c,anaemia.de,available,5.99,5.99,medium,low,7,namesilo,,,
80236cd4-6738-4265-86e1-cc9be584431a,until.de,resell,,,medium,low,5,,,,
374a0164-2663-41ae-a296-869395120296,public.de,resell,,,high,low,6,,,,
9e505773-1eca-4374-9de5-437a644ffdd1,palestine.de,resell,,,high,high,9,,,,
6ec6cb2b-8c3f-44f5-9449-ff7b2c9e3050,rustic.de,resell,,,high,low,6,,,,
eedcb8f5-bf8f-47f8-81a1-aefdb05481c5,commodity.de,resell,,,high,low,9,,,,
53fc6da9-1fee-4e8f-a031-9da8c09032c7,turncoat.de,available,5.99,5.99,medium,low,8,namesilo,,,06/08/2026 03:49
dbdb5880-39cd-46a4-8f22-2d0e66bf68b1,interviewee.de,available,19.99,19.99,medium,low,11,name.com,,,
e94d2384-ea83-4d30-b624-223ebb26a507,hydroponic.de,resell,,,medium,low,10,,,,06/08/2026 10:34
791afc51-d18a-4d9a-a63d-2564b7eff53f,affined.de,available,5.99,5.99,medium,low,7,namesilo,,,
9c1b6ce7-d931-4dcb-b9a9-c39aafedfa39,befitting.de,available,19.99,19.99,medium,low,9,name.com,,,
95911908-8121-4ad9-8ec7-aeb74a841965,agonizing.de,available,5.99,5.99,medium,low,9,namesilo,,,
f00e7757-f27c-421b-a009-aed193f84d8e,ameboid.de,available,5.99,5.99,medium,low,7,namesilo,,,
922365f8-f749-43a9-afca-97e814ec134b,miracle.de,resell,,,high,low,7,,,,
80841062-ca55-4e24-915e-4179896279f7,alexander.de,resell,,,high,low,9,,,,
6efc8afb-7a74-4bc1-a51e-e1de8b2e1df4,successfully.de,resell,,,high,low,12,,,,
4f63969c-c117-4c6b-b374-ab0706c96e8b,measuring.de,resell,,,high,low,9,,,,
9829b196-4da4-4cc3-9267-37abcd07ca45,xmas.de,resell,,,high,low,4,,,,
d98461f6-dde6-4d06-95db-9460c545d2f8,died.de,resell,,,low,low,4,,,,
0c4328bb-4ca3-410e-b583-9e566c0211a0,affinity.de,resell,,,high,high,8,,,,
5be6a46e-b4ed-4e69-8855-fbcdd020dcd7,stations.de,resell,,,high,low,8,,,,
2daeb4ac-41a8-442d-ba7b-3db6b666b3f3,seats.de,resell,,,high,low,5,,,,
c390583d-0f70-46cc-903b-4a235f04aa3f,asunder.de,available,5.99,5.99,medium,low,7,namesilo,,,07/08/2026 10:20
4b8e383a-77d6-4c6e-9539-ec203a901069,injure.de,resell,,,medium,low,6,,,,
00c36be5-50e1-44d5-ae41-f9c249234b5f,annular.de,resell,,,medium,low,7,,,,
eac6e412-512f-4897-8c71-c2631d4ccd48,accordant.de,available,5.99,5.99,medium,low,9,namesilo,,,
5470846b-05c8-4c33-aec3-e6fb843a741f,assorted.de,resell,,,high,low,8,,,,07/08/2026 07:25
aeb52a72-9921-460c-8d66-8d6d83e1b62b,punter.de,resell,,,medium,low,6,,,,
62e3f42d-2963-490e-b7e6-6b101ff9a87b,aunt.de,resell,,,high,high,4,,,,
534de508-1b59-4d86-a4be-4ed4093d59a2,generally.de,resell,,,high,low,9,,,,
bb0a4142-f3cd-4750-b291-56c0be503fac,adding.de,resell,,,high,low,6,,,,
244a9ab3-9025-480e-90fa-0b44d9e52afe,hanukah.de,available,19.99,19.99,high,low,7,name.com,,,
5152f9ca-e26b-4832-afea-9733dd8db823,allopathic.de,available,5.99,5.99,medium,low,10,namesilo,,,
bf5316b1-7ba1-4dad-8fbe-d7947a3facf6,quarter.de,resell,,,high,low,7,,,,
21d629d1-a7a3-48fa-9d5c-cad854cc6d18,previously.de,resell,,,high,low,10,,,,
b7a24950-97c4-44c2-886b-9688425cae27,braless.de,resell,,,low,low,7,,,,
c31ba16d-4fde-4928-af84-5bfab96fd911,antithetic.de,available,5.99,5.99,medium,low,10,namesilo,,,05/08/2026 19:49
9784b032-9afc-4da6-bf42-0e419a5c48cd,torn.de,resell,,,high,low,4,,,,
98254d5b-107e-473e-a559-bbb2502af570,prototypic.de,available,5.99,5.99,medium,low,10,namesilo,,,06/08/2026 15:42
b48526cf-df2f-4916-b292-9ebbcf6b28b3,induce.de,resell,,,high,low,6,,,,
322b5beb-7c4c-402f-b698-8fda4d488245,antiquated.de,resell,,,medium,low,10,,,,
20cdc8aa-ba39-4561-bb8d-7d874d2ee2cf,employ.de,resell,,,high,low,6,,,,08/09/2026 13:39
0b672591-42e9-4a33-8380-4c9eaf7fb4e3,wharf.de,resell,,,high,low,5,,,,
5018076b-95a7-437b-bf7c-a8a048a813a1,nuthin.de,available,19.99,19.99,medium,low,6,name.com,,,
2e16b979-6757-4cac-9015-ba212ee6cb84,appointed.de,resell,,,medium,low,9,,,,
d0006949-936a-433c-8b92-90f2460b1a9c,there.de,resell,,,high,low,5,,,,17/09/2026 18:44
148f4cf8-883d-4084-af34-2d1bc5a26df1,aciculate.de,available,5.99,5.99,low,low,9,namesilo,,,
058e14d0-6919-4d93-a814-8d2aafc0b1b9,albinotic.de,available,5.99,5.99,medium,low,9,namesilo,,,
da9c8206-49ed-4e79-a44b-a4910088ac1f,untrustworthy.de,available,19.99,19.99,low,low,13,name.com,,,
245a4043-08f7-478c-b95e-f739808adabf,sandy.de,resell,,,high,low,5,,,,
94ec1f88-10f0-45c6-b874-296b304845d5,affirmable.de,available,5.99,5.99,medium,low,10,namesilo,,,
17c0ee76-a4a6-473d-90cd-287f95980a70,accrued.de,available,19.99,19.99,medium,low,7,name.com,,,
eb4b4b17-32d9-484d-8125-40ae4a4365c6,kindred.de,resell,,,high,low,7,,,,
11148fc7-dc1b-4992-9df8-fef3831edbe3,ingenuous.de,resell,,,medium,low,9,,,,
8c09a2d4-7d4d-4d84-8ba4-a660f262c055,arcuate.de,available,5.99,5.99,medium,low,7,namesilo,,,06/08/2026 14:49
4fdcae6a-3bc8-4afd-ba89-b02805258e24,agnatic.de,available,5.99,5.99,medium,low,7,namesilo,,,
02c2bd80-74f8-4a12-a5c8-684501ec0bd2,acetabular.de,available,5.99,5.99,medium,low,10,namesilo,,,
c737e327-0638-4c92-aadc-ff137aaddb84,augean.de,available,5.99,5.99,medium,low,6,namesilo,,,07/08/2026 16:54
7d10e337-ebdb-42ec-8be1-303ceab9c570,agrarian.de,resell,,,high,low,8,,,,
613e3710-c530-43a1-bb38-0c448f3f23c3,showcase.de,resell,,,high,low,8,,,,
2086c050-4b72-41ec-849b-c1bade13e70c,courage.de,resell,,,high,low,7,,,,
7f76c401-486a-45f5-9fdb-f489032d2bb4,styptic.de,available,5.99,5.99,medium,low,7,namesilo,,,07/08/2026 10:00
d733af1a-2fd5-44f8-9a8f-435ae68ecb79,testimony.de,resell,,,high,low,9,,,,
f19b0ace-8522-4f93-b269-a312dfb28726,amative.de,available,5.99,5.99,medium,low,7,namesilo,,,
f8fd4725-3dc9-48e6-8693-ef806f3eb295,nitrous.de,resell,,,medium,low,7,,,,
3b163627-33a5-4520-8cb4-7ec62da6fa65,judgement.de,resell,,,high,low,9,,,,
7da6c9d1-7c04-4b3f-b125-e372f0e0396e,lxxxiii.de,available,6.98,9.88,medium,low,7,namecheap,,,
db9b5d15-c9cb-4305-8ffd-6681e90cc708,hokey.de,resell,,,medium,low,5,,,,09/08/2026 00:37
018deed6-7211-4864-9373-725f093978d3,arbitral.de,available,5.99,5.99,medium,low,8,namesilo,,,06/08/2026 12:48
d155f00b-88b3-4db5-9629-0feb9bca1908,teeth.de,resell,,,high,low,5,,,,
100c7c3f-2357-4aaf-8be2-9aac5baa47d5,eighteenth.de,available,5.99,5.99,high,low,10,namesilo,,,
2df2613d-a854-4414-a3a1-808dfae18e2b,si.de,resell,,,high,low,4,,,,
60c91b5c-6ad9-41d0-8413-75e9570038fe,scream.de,resell,,,high,low,6,,,,
78e25c8f-13e7-4b6f-936f-19e221fee31a,optionally.de,available,5.99,5.99,medium,low,10,namesilo,,,
cff9c539-5ed8-4e15-8c79-1544eda524b4,worsening.de,available,5.99,5.99,medium,low,9,namesilo,,,
1e331ce0-43c8-4019-b0e2-ed15adc3b441,apneic.de,available,5.99,5.99,medium,low,6,namesilo,,,06/08/2026 00:40
9c3bf44e-2fe5-4d25-96d2-51383863b6ea,categorically.de,available,19.99,19.99,medium,low,13,name.com,,,
6029e35f-a323-4bc2-8812-bee9c9d03173,ladder.de,resell,,,high,low,6,,,,
411ba677-6cd9-4dc3-a950-4fadefce2f17,having.de,resell,,,high,low,6,,,,
0e33c724-02f0-4c25-9be1-8ca1b0725d96,commenting.de,resell,,,high,low,10,,,,
3e99956c-f76e-48c2-9807-ea5b9ecc34a9,showering.de,available,19.99,19.99,high,low,9,name.com,,,
c1a17b8e-d058-42d7-91af-07419e20b9bb,beastly.de,resell,,,medium,low,7,,,,
8b05eaf6-29d9-43bc-b4f1-7e75ad069a9a,anodic.de,available,5.99,5.99,high,low,6,namesilo,,,
5542c21f-085f-4cd1-9df5-799b562930ef,informing.de,resell,,,high,low,9,,,,
eea5133e-53d4-4b8c-bbf7-dec406930e7f,acarpous.de,available,5.99,5.99,low,low,8,namesilo,,,
512c3b01-ee41-43e4-ae6f-c5afe63609a7,sundress.de,resell,,,high,low,8,,,,
62988d27-7327-4db4-a499-fa7852766dd7,anticipant.de,available,5.99,5.99,medium,low,10,namesilo,,,
d8f098da-22fe-495f-a409-ed845977b066,skilled.de,resell,,,high,low,7,,,,
1b5bf6f3-88b8-415d-9ee6-fb7cd7c84d68,belong.de,resell,,,high,low,6,,,,
b57d6f5d-f148-40c7-a924-f313d426b4d0,whenever.de,resell,,,medium,low,8,,,,
5a2ca912-63d6-4939-a7d4-3b99af49f498,uber.de,resell,,,high,high,4,,,,24/09/2026 04:34
95104692-e4ea-460d-b200-51a27fa3160a,indecent.de,resell,,,medium,low,8,,,,
2b83e188-2051-4161-947d-4dea3a6fc4a2,actinide.de,available,6.98,9.88,medium,low,8,namecheap,,,
32c5a260-5dc4-475a-9e49-90bdda6a99ba,appalled.de,available,5.99,5.99,medium,low,8,namesilo,,,
55e4bf84-1279-4b19-90bb-3edff66e0893,adagio.de,resell,,,high,low,6,,,,
ae0e3620-5a03-4095-9e49-b11610ef0e84,committing.de,available,19.99,19.99,high,low,10,name.com,,,
21893a69-eb53-4c13-b47e-663d4915c187,outing.de,resell,,,high,low,6,,,,
72c04b7b-1700-4f9d-9025-8bbd3daab211,direction.de,resell,,,high,low,9,,,,
6e38c765-7ba3-47cf-a70b-3a0bbf602036,wash.de,resell,,,high,low,4,,,,
bf73b138-eabc-4e2b-b5af-b5da64555a19,alky.de,resell,,,medium,low,4,,,,
5581bab2-b18b-4968-8251-72d320ef074a,approving.de,resell,,,medium,low,9,,,,
6b7d8cc3-e51c-49ce-9ed4-7497bd32b2ce,lying.de,resell,,,high,low,5,,,,
898ef927-1f8e-4d7c-91ac-925d6ffd0471,acidotic.de,available,6.98,9.88,medium,low,8,namecheap,,,
f97c3af9-b755-4066-b632-b67a64267572,needs.de,resell,,,high,low,5,,,,
480417a0-9d88-4e3d-b516-0d8d113d789e,atomistic.de,available,5.99,5.99,low,low,9,namesilo,,,07/08/2026 13:42
20cd6eb0-4890-4d77-8992-f89ac6cc9b72,publicized.de,available,19.99,19.99,high,low,10,name.com,,,
2d451007-aea0-4635-bb1d-84f2681ce79e,reliability.de,resell,,,high,low,11,,,,
0872ea39-b998-4afa-84b6-5a82a658ddb6,dissolve.de,resell,,,high,low,8,,,,
fdcfd3dd-cac5-44bb-90cb-dbf4a093b9de,laid.de,resell,,,high,low,4,,,,
0780dd40-a704-47af-919a-92a3f95fe483,assurgent.de,available,5.99,5.99,low,low,9,namesilo,,,07/08/2026 08:26
b47b911f-2bd0-44db-b860-36fb7586ba48,injury.de,resell,,,high,low,6,,,,
4f0e6996-5b3b-4c47-aead-ce3f7fe790c3,threescore.de,available,6.98,9.88,medium,low,10,namecheap,,,
b72b6155-b809-4a4a-9c15-44515b9153e2,barbecued.de,resell,,,medium,low,9,,,,08/08/2026 16:25
dec34ada-6abf-47d1-9646-33c520d18b96,theyre.de,available,19.99,19.99,medium,low,6,name.com,,,
d64f11a8-102c-4fa3-b0fc-15f1ddbfef6d,ounce.de,resell,,,high,low,5,,,,
2f198920-a8d2-4f22-bde7-1e5ae94ab4e3,accusing.de,available,5.99,5.99,medium,low,8,namesilo,,,
b21fdf16-5e52-47b7-96ae-fa2d8a9e2b85,cappuccino.de,resell,,,high,low,10,,,,
6c2d45c2-2dfd-46be-87fc-fc71b4ab87ef,retirement.de,resell,,,high,low,10,,,,
72279f8d-68cd-4272-8122-8763cbc1eb1b,mainly.de,resell,,,high,low,6,,,,
a7c8b0b5-afbf-4485-96cc-72fb43ebcf95,arbitrary.de,resell,,,high,low,9,,,,06/08/2026 12:54
1d3f8fbf-09ac-45d5-a5b5-48521ebc4c7c,substitution.de,resell,,,high,low,12,,,,
0d8e0fb1-eacf-4f31-983c-2bd58bd4cc7d,madrid.de,available,,,high,low,6,,,,
b03b6656-ce55-4205-9816-86c855b8fcf7,afloat.de,resell,,,high,low,6,,,,
c761af11-073f-43c5-902b-de8e6427d4a2,afrikaans.de,resell,,,high,low,9,,,,
21f509c2-ff30-4bdd-9332-5ecc10f7ef30,apodictic.de,available,5.99,5.99,medium,low,9,namesilo,,,06/08/2026 01:27
99a825a8-e63d-4225-9c0f-a3b83515bab6,sestet.de,available,6.98,9.88,medium,low,6,namecheap,,,
2ce00066-6723-4978-920f-19ae395d904c,circinate.de,available,5.99,5.99,high,low,9,namesilo,,,
3b91520c-9191-48fc-b111-e3955ceb50ae,ancestral.de,resell,,,high,low,9,,,,
16759627-185d-4573-bb18-f2dbe6cd07b3,abeyant.de,available,5.99,5.99,medium,low,7,namesilo,,,
2631490e-2000-4089-b86d-59dd6e866a95,tend.de,resell,,,high,low,4,,,,
19bb8bb6-8e74-4f71-a36f-4378084853ea,unused.de,resell,,,medium,low,6,,,,
85ab0ffc-9afc-43ab-b9fa-bc099ed76e76,dominance.de,resell,,,high,low,9,,,,
c8760f8f-4287-4d55-ba1f-9ea45757ffab,adopted.de,resell,,,high,low,7,,,,
fd12440d-d73d-41de-b86a-861aa11332fb,barbate.de,available,5.99,5.99,medium,low,7,namesilo,,,08/08/2026 16:10
4a4cf0bb-e37a-4b0e-af12-fedd7f65d557,retreat.de,resell,,,high,low,7,,,,
6b22fbf4-9815-4a31-8db9-fb4dc08186bb,retiring.de,resell,,,high,low,8,,,,
6e815a9a-cb00-45fd-9009-51211fe0ee69,mazed.de,resell,,,low,low,5,,,,07/08/2026 12:07
a9aa20dc-e598-4553-9264-0375cf4e45a2,adulterous.de,available,5.99,5.99,medium,low,10,namesilo,,,
53aa1a19-7dfe-4822-acee-4416c0b72cac,altaic.de,available,5.99,5.99,medium,low,6,namesilo,,,
cc37feea-a621-4755-9aed-3f105ff1c283,sixth.de,resell,,,high,low,5,,,,
1b19656c-d3ab-4a72-be10-e751b7486668,flaring.de,resell,,,high,low,7,,,,
51b74332-d53b-45ce-b74f-929230ecbe8f,overall.de,resell,,,high,low,7,,,,
9d25ea70-8e00-44a1-b880-a603251ba387,incline.de,resell,,,high,low,7,,,,
07cb1780-41fb-4edb-8edc-6a1afafb10ac,prototypal.de,available,5.99,5.99,medium,low,10,namesilo,,,06/08/2026 15:37
9998c585-0649-4557-811d-d5cf70d522f1,borrow.de,resell,,,high,low,6,,,,
77c0122f-910a-4eef-8eae-997653ea80b6,apogean.de,available,5.99,5.99,medium,low,7,namesilo,,,06/08/2026 01:57
ca300b56-07f8-4b06-84e5-3ab69b9e294d,declining.de,available,19.99,19.99,medium,low,9,name.com,,,
7a3a8349-168e-438f-b3cb-07d8b9ea9bdf,whilst.de,resell,,,medium,low,6,,,,
881ade98-d6e3-4642-8e00-3846e64a4b1d,wealth.de,resell,,,high,low,6,,,,
b3d0c702-1d42-409d-98fd-629784a54fc6,lately.de,resell,,,high,low,6,,,,
1d93a195-f8ac-4b3c-8c25-ec3ee92966e5,amidships.de,available,5.99,5.99,medium,low,9,namesilo,,,
ce960aa3-ce38-494d-a48b-3bea7d5eb4d1,abactinal.de,available,5.99,5.99,medium,low,9,namesilo,,,
55e40a61-0f16-4efe-8085-fe84d6b44e87,medals.de,resell,,,high,low,6,,,,
e310f69e-16b7-472c-b4f2-f750862f30ad,worse.de,resell,,,high,low,5,,,,
18e98980-ac59-42c1-a665-294e9e84531e,powered.de,resell,,,high,low,7,,,,
53f61477-0b26-40fa-9358-95162642b19f,articled.de,available,5.99,5.99,medium,low,8,namesilo,,,06/08/2026 08:28
508bc791-40fe-4f75-9f48-048c2f15660e,adios.de,resell,,,high,low,5,,,,17/09/2026 19:20
8ca8f674-8bc9-43da-b4cf-2634f6875bf9,used.de,resell,,,high,low,4,,,,
8a12c1c9-0e36-4968-bbe6-0d21a1232c08,trillionaire.de,resell,,,high,low,12,,,,
f87ba45f-ba7f-4d89-be0c-b5f9035f7fad,apostolic.de,resell,,,medium,low,9,,,,
905877fd-2e31-415c-8274-a35df6126259,agelong.de,available,5.99,5.99,medium,low,7,namesilo,,,
eda3dc99-e558-420a-ac58-ea73b9450622,incompatible.de,resell,,,medium,low,12,,,,
39942048-9b99-46b9-b231-ccb6156b302b,consumption.de,resell,,,high,low,11,,,,
ad2c51fb-ebad-4e5b-8d6e-2a10198b25be,praise.de,resell,,,high,low,6,,,,22/09/2026 09:20
f9daaa57-e6f0-4527-939e-3a845ad891e5,performs.de,resell,,,medium,low,8,,,,
70a89b34-8617-4585-96de-cd9f1001af46,aggregate.de,resell,,,high,low,9,,,,
0f5a528e-f781-455e-9bf3-17bf8f6bc88b,agitated.de,resell,,,medium,low,8,,,,
abf67868-6f08-4c3c-8a2b-da5e327ea664,loads.de,resell,,,high,low,5,,,,
e0d73fef-eee5-40f4-ac4f-205bbacf5746,antigenic.de,available,6.98,9.88,medium,low,9,namecheap,,,
e5b3ed91-5e53-4711-97bc-4d29acb83c8a,forgive.de,resell,,,high,low,7,,,,
93a4ddc4-04c5-4132-8ad6-ca8b7d850a1e,tylenol.de,resell,,,high,medium,7,,,,
40a03077-91a5-43a3-9333-701416125874,antitank.de,available,5.99,5.99,medium,low,8,namesilo,,,05/08/2026 19:44
ee7762b6-3f02-49ec-a718-967a7063db59,pentium.de,resell,,,high,low,7,,,,
ab69746f-4183-4d04-947f-ad4075d96f33,eighter.de,available,6.98,9.88,medium,low,7,namecheap,,,
e826bd86-0650-485f-92a9-7df9c7f7b353,septenary.de,available,6.98,9.88,medium,low,9,namecheap,,,
119a9fe4-a15c-4b3d-afb6-cb7d7f492026,cxxv.de,available,5.99,5.99,medium,low,4,namesilo,,,
804a2a52-1653-4dbd-a4aa-5c0a33efa067,gently.de,resell,,,high,low,6,,,,
7317681e-d6d6-4b53-94e5-78accc17cb44,characteristic.de,resell,,,medium,low,14,,,,
20a534e3-8609-46a9-852c-103b4e471bb7,quatern.de,available,5.99,5.99,medium,low,7,namesilo,,,
7da582de-5bc8-4a01-bf3f-7a864a897793,allowable.de,resell,,,high,low,9,,,,
6aeb64f9-ae3f-4cff-b64c-6ab29158d360,accurst.de,available,5.99,5.99,low,low,7,namesilo,,,
c82f0f4f-a361-4b64-bf21-5c94b1c1b94f,theirs.de,resell,,,medium,low,6,,,,
ca449204-ed4a-4df2-8470-200ab1d1d4af,endowment.de,resell,,,high,low,9,,,,
68847131-afb1-4a97-ab10-54def7ea33c6,newsgroup.de,resell,,,high,low,9,,,,
6c804a22-a59d-4768-8c98-0980753d9d07,inundated.de,available,5.99,5.99,medium,low,9,namesilo,,,08/08/2026 00:29
ff59b4cb-ad38-43ac-a2d3-3827963704dd,vary.de,resell,,,high,low,4,,,,
1dcccc48-304d-4ec3-9fe3-9fd48412950b,entranced.de,available,5.99,5.99,medium,low,9,namesilo,,,09/08/2026 10:11
63661d19-7c7b-469b-a7d1-2c797d0fa318,amebous.de,available,5.99,5.99,medium,low,7,namesilo,,,
ea8854fa-f145-4717-9115-a4277b48852c,scheduled.de,resell,,,high,low,9,,,,
f20c68ef-474f-4b8a-b501-c549ba665377,amended.de,available,19.99,19.99,medium,low,7,name.com,,,
7ac5a7da-c854-4795-ace6-097216f73e75,bringing.de,resell,,,high,low,8,,,,
3eb696e5-3a48-46c9-8db2-9a9d37c99ac6,hundredth.de,available,5.99,5.99,high,low,9,namesilo,,,
d4952aa8-7fc4-4ece-9ae1-d0a5b10b67fa,guarantee.de,resell,,,high,low,9,,,,
bc786962-6301-4911-8748-66a72c5eaadb,autologous.de,available,5.99,5.99,medium,low,10,namesilo,,,07/08/2026 20:37
e8b278b6-c9d8-4a5a-bd8e-cf5efc07da55,invalid.de,resell,,,high,high,7,,,,
1ecb18f4-6f05-4c3a-9f5b-8f5357bc9c78,nondrinker.de,available,5.99,5.99,medium,low,10,namesilo,,,
d85c0b37-6041-4851-ac6b-eb86d51882b7,grandmother.de,resell,,,high,low,11,,,,
603b8f49-a4a9-4b21-a785-702bc053ce35,complain.de,resell,,,high,low,8,,,,
dc5d0a85-d064-4085-a5fc-35b542be1acf,acropetal.de,available,6.98,9.88,medium,low,9,namecheap,,,
109444b4-193f-4ac2-b28b-ad6f43ad7768,scientifically.de,resell,,,medium,low,14,,,,
bbe400d4-6949-446d-9f0f-d748aae18945,indigenous.de,resell,,,high,low,10,,,,
ae75e17d-94cc-4c27-9aeb-fe866fb92409,majority.de,resell,,,high,low,8,,,,
97f33a7c-ebb1-458c-8be6-21ed31224aff,truffle.de,resell,,,high,low,7,,,,
2170e9b4-7154-48ce-a60e-55e04dedcace,enrich.de,resell,,,high,low,6,,,,
139faead-4093-4d38-814d-44391a60ab69,internationally.de,resell,,,medium,low,15,,,,
fdba7d57-98ae-4936-82d8-0fcaa37c123b,fifth.de,resell,,,high,low,5,,,,
406493da-4285-4d07-b597-071fab7770dd,wrote.de,resell,,,medium,low,5,,,,
b38944b2-bf5f-4ce7-a753-ce8bd9d4d3b7,modesty.de,resell,,,high,low,7,,,,
b59921b9-3a0d-46f3-9152-ca35127727dc,inexpensive.de,resell,,,high,low,11,,,,
14f6560a-0df1-4627-9f8b-5121035593a1,argentic.de,available,19.99,19.99,medium,low,8,name.com,,,
457ec5ec-63b4-40aa-b6e6-9b640a4b0cee,affected.de,resell,,,high,low,8,,,,
de37763a-10af-4669-9cd7-b2199d64b351,blockade.de,resell,,,high,low,8,,,,
c3a5a953-58f5-498d-9672-a6d4d1ebbcf5,astylar.de,available,5.99,5.99,medium,low,7,namesilo,,,07/08/2026 10:15
6240ec5c-f8f2-4265-b5a8-879de7b102dd,aegean.de,resell,,,high,low,6,,,,
88cb5e51-0e32-4fbc-a294-ba1f39b7f551,twoscore.de,available,5.99,5.99,medium,low,8,namesilo,,,
273778c1-7191-4a52-ab9d-8c54c2a6b7f0,invariably.de,available,5.99,5.99,medium,low,10,namesilo,,,
82fbbead-2842-4b47-90d1-0d9870c5c868,physic.de,resell,,,high,low,6,,,,05/08/2026 22:25
88a7d5a9-b2c2-4f77-8371-06b965239ae3,grandson.de,resell,,,high,low,8,,,,
72f648c7-7435-43e9-99b7-3bc67ea0d46d,balky.de,available,19.99,19.99,low,low,5,name.com,,,
1774bcf4-683c-4e62-8eff-3166c50009a9,allometric.de,available,5.99,5.99,medium,low,10,namesilo,,,
0fe7d581-a7ae-4191-aedd-e4908f114884,lxxxv.de,available,6.98,9.88,medium,low,5,namecheap,,,
9c909c78-5df3-439f-a1ce-766ad44ce306,known.de,resell,,,high,low,5,,,,
db0c2f01-2b23-4590-8f67-35cf7e491b3a,cancer.de,resell,,,high,low,6,,,,
92822f76-aca3-4c75-a540-5803cf17b516,dishonour.de,resell,,,medium,low,9,,,,
35d9fbfe-5ead-45b4-a6c1-881344fe6504,laborer.de,resell,,,high,low,7,,,,
16c446f9-a91b-4470-9849-c65800530dcd,allylic.de,available,5.99,5.99,medium,low,7,namesilo,,,
2cfca9c3-69cf-4377-9c23-76145a0750b3,applicable.de,resell,,,medium,low,10,,,,
eecbbe20-e2fc-496f-8cc3-d255aa77606e,midget.de,resell,,,high,low,6,,,,
b5ab53b0-01ff-40f9-97a5-27edbfd2c931,deepest.de,resell,,,medium,low,7,,,,
23cad5a3-b520-410a-aaed-18272a1fc2c7,glinting.de,available,5.99,5.99,medium,low,8,namesilo,,,
375d160a-f20d-44e7-b540-cc8f04213100,toddler.de,resell,,,high,low,7,,,,
25788694-be90-43c8-97e9-cab38331df31,savage.de,resell,,,high,low,6,,,,
28444845-8bd8-4a22-9b39-b7264ab39689,deviant.de,resell,,,high,low,7,,,,
0aa27b01-59c6-4a2e-bd35-e31c246f0cda,facilitate.de,resell,,,high,low,10,,,,
34d18870-1bd7-4a25-8c6e-1e40de6a5e15,parenting.de,resell,,,high,low,9,,,,
8b38c3e5-49f9-46bb-8cf8-9bf45c846574,orbicular.de,available,5.99,5.99,medium,low,9,namesilo,,,08/08/2026 10:11
51f49581-27a3-4d5c-8cb4-2b4d40e4c6ee,argive.de,available,19.99,19.99,medium,low,6,name.com,,,
434f40bc-51c1-4c62-948f-24369909f63e,church.de,resell,,,high,low,6,,,,
a52caee4-d9e7-4cf9-b59e-800b99cf46e7,organs.de,resell,,,high,low,6,,,,
d85bb814-da7e-41bc-996e-5fe3648c02f6,appearance.de,resell,,,high,low,10,,,,08/09/2026 12:55
e2fcd647-8774-4fa9-b15d-ef5d04811b22,banging.de,resell,,,high,low,7,,,,08/08/2026 13:03
ee172ce3-e523-4c46-b5db-4be21a4fbfc6,getting.de,resell,,,high,low,7,,,,
29c74cf3-bf32-48e2-bbaa-66b943a48d8c,smashing.de,resell,,,high,low,8,,,,
031db35e-549b-4cdc-b659-96cb5ec1d833,tone.de,resell,,,high,low,4,,,,
d2ad1384-bbc9-4b75-a324-8e7a1c46f188,loony.de,resell,,,medium,low,5,,,,
e269a331-4c2a-457c-8b2c-a13f96a500cb,cincinnati.de,resell,,,high,low,10,,,,
73fc2e05-f472-4534-a316-6b69729abd93,advertised.de,resell,,,medium,low,10,,,,
bf2a1e2e-7c3e-4a30-b266-cd688296ee93,quieter.de,available,19.99,19.99,high,low,7,name.com,,,
161e52f7-e223-4d6b-bd82-c853533a5033,conjunction.de,resell,,,high,low,11,,,,
a0ed05c5-c769-4362-8c4c-da3439842828,watchful.de,resell,,,high,low,8,,,,
56edaf03-29b2-44f3-a667-8bd89eb32ddd,miffed.de,available,5.99,5.99,medium,low,6,namesilo,,,
4ef3d311-2e92-4353-ae15-7fd37c315584,alkaloidal.de,available,5.99,5.99,medium,low,10,namesilo,,,
9986ed65-e585-416f-9e3c-5d118b5086ca,performing.de,resell,,,high,low,10,,,,
1f96ae9a-257f-4f40-bf2e-6d5a47b0ea66,apsidal.de,available,5.99,5.99,medium,low,7,namesilo,,,06/08/2026 10:18
5b9a6286-65ae-48d2-bacf-c4ad2c2290ec,subalpine.de,available,5.99,5.99,medium,low,9,namesilo,,,
4ecdcefa-c93e-4b47-8b87-5c01bc4ece87,approved.de,resell,,,high,low,8,,,,
35fe8d88-1c25-40a7-8064-eee86f779381,abaft.de,available,5.99,5.99,low,low,5,namesilo,,,
8733aeac-4cf3-4ff9-9976-251bb9ac5c5a,archosaur.de,available,5.99,5.99,medium,low,9,namesilo,,,06/08/2026 15:57
c1704cba-1387-41dd-a6f2-eebdf7bd6423,climbable.de,available,5.99,5.99,medium,low,9,namesilo,,,07/08/2026 00:10
749b0072-515d-4722-95c6-30b1c601f479,askance.de,available,5.99,5.99,medium,low,7,namesilo,,,07/08/2026 02:56
809087b3-51d9-4730-ae26-f46da6bc9916,alienable.de,available,5.99,5.99,medium,low,9,namesilo,,,
3a91124c-d40a-45f4-9137-7675e29d325b,withering.de,available,5.99,5.99,medium,low,9,namesilo,,,
24c101b4-b884-482c-b238-9ca7ecb71fe7,fictitious.de,resell,,,medium,low,10,,,,
72865d9a-4f77-4829-bbbb-8a545492188b,lxxxi.de,available,6.98,9.88,medium,low,5,namecheap,,,
7b1da09b-c505-4b1c-bd76-07dec275338e,antipodal.de,available,5.99,5.99,medium,low,9,namesilo,,,
294c91c1-5d51-4b59-8912-98aca1ea4958,pussy.de,resell,,,high,low,5,,,,
14b9f15e-1b98-4d6f-8ee0-bfd830c103cf,forty.de,resell,,,high,low,5,,,,
7843399e-6020-4bf0-a688-9f63d3fa534d,obviously.de,resell,,,high,low,9,,,,
cd9c1259-12da-4008-9a70-87d8869aada2,carousing.de,available,5.99,5.99,medium,low,9,namesilo,,,08/08/2026 04:24
cdb61cf0-eda3-41d8-8640-36746d280502,aid.de,resell,,,high,low,3,,,,
d2a04125-3075-4a84-a314-cfe02ea2cf4e,modish.de,resell,,,medium,low,6,,,,
515fc43f-9870-4da5-9db8-7bdd761115d4,occurring.de,resell,,,high,low,9,,,,
88479db7-32a7-4546-b8af-931aab465e74,informally.de,available,5.99,5.99,medium,low,10,namesilo,,,
bb4306aa-3daa-4582-8452-9328397d49dd,specially.de,resell,,,medium,low,9,,,,
19c492a1-47af-4e6e-baf3-bde49c8f0836,arabian.de,resell,,,high,low,7,,,,
8fc05395-fc15-425e-afcf-939d894ed356,albescent.de,available,5.99,5.99,medium,low,9,namesilo,,,
94484306-df21-49f5-b2d8-d834d6ffddfd,briefs.de,resell,,,high,low,6,,,,
7d0ebd3d-8910-418c-8f3c-04ba1e7b4fd8,fatuous.de,available,5.99,5.99,low,low,7,namesilo,,,07/08/2026 02:39
90dc27f4-0f01-44cb-86c8-a812455854cf,either.de,resell,,,medium,low,6,,,,
85b6ae7e-50b8-4489-b833-6d4680e1458d,neighbor.de,resell,,,high,low,8,,,,
bde9bc57-7cab-482f-b9b0-cad1312f7c4a,agamic.de,available,5.99,5.99,medium,low,6,namesilo,,,
df6f5f27-7da8-4bfe-bb13-7a0b2d7bdaa2,corruption.de,resell,,,medium,low,10,,,,
7003509d-649a-4d3b-a1e7-e22d47741e8a,anodal.de,available,5.99,5.99,medium,low,6,namesilo,,,
bfee6a9b-87f8-4d76-bdbb-013369029a88,paunchy.de,available,5.99,5.99,medium,low,7,namesilo,,,
983bffb2-ce90-4e4c-ae85-db97eca6e952,rats.de,resell,,,high,low,4,,,,
470cf080-313a-4cf3-9690-c6a6f65a5b89,printable.de,resell,,,high,low,9,,,,
d61ec7e6-f37d-42e1-a7f3-6e4d55692585,ended.de,resell,,,high,low,5,,,,
24e81ec1-596a-4390-b567-9a12187474df,overhang.de,resell,,,medium,low,8,,,,09/08/2026 08:28
a331e847-c786-40d9-8874-a7d5f30e679e,citizenship.de,resell,,,high,low,11,,,,
ee654ca6-ef5c-47d6-a8f1-3a5380d1b23d,toll.de,resell,,,high,medium,4,,,,
ced8214a-fe31-495e-8571-2592a58d3fa5,aryan.de,resell,,,high,low,5,,,,
30e5cd43-f310-4c9b-982e-967f85fe993b,shame.de,resell,,,high,low,5,,,,
29074df4-cc94-4ec5-adeb-38481f6fd005,evitable.de,available,5.99,5.99,medium,low,8,namesilo,,,07/08/2026 22:45
1bd18b96-5d92-4d7f-b25f-20b255819690,relieved.de,resell,,,high,low,8,,,,
2e69b58f-5071-4b43-aa66-665c093b2aee,poorly.de,resell,,,medium,low,6,,,,
6a7d3212-8e65-4bed-afd4-1671732684de,premium.de,resell,,,high,low,7,,,,
5536f5f3-e429-47fb-8196-b2ba6d50b3f4,agnate.de,available,5.99,5.99,medium,low,6,namesilo,,,
b6c25d38-f11d-4eda-b38a-e4d2f4fc6d29,abashed.de,resell,,,medium,low,7,,,,
ab80d693-465c-4a1a-94a3-8d0dc9062461,peeved.de,available,5.99,5.99,medium,low,6,namesilo,,,
6b0bc4ef-8bbf-4bfc-a16c-ccc61dd93e14,campaign.de,resell,,,high,low,8,,,,
0a284888-7178-4caf-bf86-ec43c920bf3d,analyst.de,resell,,,high,low,7,,,,
533e2dc6-5f41-4423-881a-36df813615aa,lucrative.de,resell,,,high,low,9,,,,
a617cfd7-ff41-4c01-a69e-850c193a1ddb,although.de,resell,,,medium,low,8,,,,
fc820f83-c271-461f-aa27-e5d67dd49493,examine.de,resell,,,high,low,7,,,,
58a74e6e-74be-4ab7-ab39-e442e1587171,org.de,resell,,,high,medium,3,,,,
c69fb82b-48c6-4b4c-9b76-a7316966ce0b,pernicious.de,available,5.99,5.99,medium,low,10,namesilo,,,08/08/2026 12:01
3b0bb71a-d727-4823-82c4-85083ca48d87,daughter.de,resell,,,high,low,8,,,,
6a428d16-d05c-4748-adc1-05c086420b92,suffer.de,resell,,,high,low,6,,,,
e31bc9cb-04ae-49bc-93f4-7ceda0c3aeb3,november.de,available,,,high,low,8,,,,
a634d15a-c57e-46ed-96c2-41fe586772f4,learnt.de,resell,,,medium,low,6,,,,
e7da0cf9-623b-4cc3-9bdf-e606774cf973,gave.de,resell,,,medium,low,4,,,,
d26b75d3-abb8-4132-b6ad-c30a9177466b,justified.de,resell,,,high,low,9,,,,
4758ad04-a59e-4635-8f73-f50fe71c3b92,significantly.de,resell,,,medium,low,13,,,,
e338344b-c1bd-4301-9a40-151957428d2f,sausage.de,resell,,,high,low,7,,,,
60d9d1b0-f450-42d7-9e6d-29a424952143,hannukah.de,available,19.99,19.99,medium,low,8,name.com,,,
4d870128-b086-4bd2-ba93-5026c99d0405,breathe.de,resell,,,high,low,7,,,,
05ee5bbf-430f-4999-829b-a44bf52c9b18,proclaim.de,resell,,,high,low,8,,,,
8da29909-dd34-4d91-8ca2-d934364d3265,implausible.de,available,5.99,5.99,medium,low,11,namesilo,,,
04b5e727-295d-4df0-9b3a-30cb03dfdbdc,maintained.de,resell,,,high,low,10,,,,
51eb68a1-6eae-4370-9db7-b0e2099afae0,heads.de,resell,,,high,low,5,,,,
f59852e4-e102-4f37-a7a9-b48e2ee08ffb,shopworn.de,resell,,,medium,low,8,,,,08/08/2026 11:06
136cb12d-191e-4caf-9eb1-798ccea2abbe,arced.de,available,5.99,5.99,medium,low,5,namesilo,,,06/08/2026 14:28
675468d9-df32-4579-a211-a13de94bc7f2,backless.de,resell,,,medium,low,8,,,,08/08/2026 05:48
671d4a56-52af-4304-8234-fa72c6e7ab5f,ilxxx.de,available,6.98,9.88,low,low,5,namecheap,,,
b75723b0-8e71-4e91-a26d-c7c2be2d91a2,calender.de,resell,,,high,low,8,,,,
ffe9c110-d5cc-4d99-b6b9-c2d9b8cbd414,watching.de,resell,,,high,low,8,,,,
39129ad1-1234-4f8d-a49d-0bcdafb9ddc0,lgbtq.de,resell,,,high,low,5,,,,
29b0ed4e-17a0-460b-90f7-ab5ee712fb9b,atrophic.de,available,5.99,5.99,low,low,8,namesilo,,,07/08/2026 14:52
d9bab015-f53d-4715-96fa-c1864ff85a18,begotten.de,available,5.99,5.99,medium,low,8,namesilo,,,09/08/2026 09:11
70865ee7-dbef-4ab6-b540-e740129dad8a,stuffy.de,resell,,,high,low,6,,,,
ac3e0dcd-9f52-4a1f-b453-7c67e3f551ce,consensus.de,resell,,,high,low,9,,,,
9765be9a-c04c-4736-a7b5-eb39669d6468,receipts.de,resell,,,high,low,8,,,,
c3b5ecb8-1436-47b7-99c5-7605e89294e2,harrowing.de,available,5.99,5.99,medium,low,9,namesilo,,,
f66c97d7-69ce-497c-bce6-6cd1663ca813,fifteenth.de,available,5.99,5.99,high,low,9,namesilo,,,
48fd3d64-8373-4145-8c41-0097bceb379b,snapping.de,resell,,,high,low,8,,,,
db620192-e626-4293-9913-7a9876780902,stroke.de,resell,,,high,low,6,,,,
615e1f33-bdfc-44a1-99e8-35630d085607,afterwards.de,resell,,,medium,low,10,,,,
c2990fe3-24b9-4a17-924a-c4e209e233bd,fold.de,resell,,,high,low,4,,,,
400336aa-bb08-4693-84b8-cac4d5bd59f7,gaffer.de,resell,,,medium,low,6,,,,
030b19cb-d49f-42b1-941f-077161a90617,gandhi.de,resell,,,high,low,6,,,,
93127ce0-a8ac-46d9-9184-ab7af7cd87a5,difficulty.de,resell,,,high,low,10,,,,
5c6effeb-aaf7-4532-a7ba-6200bd17ead1,depress.de,resell,,,medium,low,7,,,,
102824c6-b18d-4c44-9d86-f6db8d1f7f65,antlered.de,available,5.99,5.99,medium,low,8,namesilo,,,05/08/2026 20:11
c5bb96a2-e21b-40d4-81ab-0199c47a8284,systematically.de,available,19.99,19.99,medium,low,14,name.com,,,
2a4b0306-b439-4156-8656-6118db319822,fucksome.de,available,19.99,19.99,low,low,8,name.com,,,
7b65ac92-cbc7-4764-b559-e9b618b5f164,acinic.de,available,6.98,9.88,medium,low,6,namecheap,,,
a926066c-eb12-4240-9100-7bd0f629cbcf,hashtag.de,resell,,,high,low,7,,,,
e10f2251-3e78-445b-9914-ed77754eafee,almost.de,resell,,,high,low,6,,,,
46c8a90c-0216-444e-8fe6-cc4bf61d3bf3,adequately.de,available,19.99,19.99,high,low,10,name.com,,,
a24f1b9e-771b-4201-99a4-309483f7e888,avionic.de,resell,,,medium,low,7,,,,
06513281-c2b7-473c-b4d3-b9f4bffb3400,germicide.de,available,5.99,5.99,medium,low,9,namesilo,,,
1be1589f-e36d-403a-8867-5b9eb1b2d6f7,were.de,resell,,,high,low,4,,,,
0556a7c3-20e8-42dd-b7f9-006dc08f73b4,aflutter.de,available,5.99,5.99,medium,low,8,namesilo,,,
e899f6a4-350b-4f05-bb1d-46c06e89f20a,lightly.de,resell,,,high,low,7,,,,
377277b6-3cdf-4a66-a7a5-2ab09d0cda68,retracted.de,available,19.99,19.99,medium,low,9,name.com,,,
fc16fbcc-2659-4bed-99f7-bccf2adedf25,annulated.de,available,5.99,5.99,medium,low,9,namesilo,,,
66c0aabb-47e6-456a-9118-53225398f044,extinction.de,resell,,,medium,low,10,,,,
1ad76c72-8ab3-4ecb-a498-02a64b3845e8,prone.de,resell,,,medium,low,5,,,,
a4c72059-4a71-46c7-ba29-57cb53620599,appreciate.de,resell,,,high,low,10,,,,
a5bc2c47-c2fc-4493-b145-d7c9a293f2fd,surfboard.de,resell,,,high,low,9,,,,
823fce1b-0729-4ff6-955d-38d118760425,lips.de,resell,,,high,low,4,,,,
286a5c95-8e4a-4615-87fa-0063144b440d,aneuploid.de,available,5.99,5.99,medium,low,9,namesilo,,,
b1418259-0ffc-4b4b-bb64-369f868d8b80,aphotic.de,available,19.99,19.99,medium,low,7,name.com,,,
e639b1be-55d3-4503-9375-006610c61f8f,algometric.de,available,5.99,5.99,low,low,10,namesilo,,,
829aceab-5e9e-4585-9837-b550e7122869,acquired.de,resell,,,high,low,8,,,,
ff3ef16a-0109-4bdd-b8e7-c0792fa79b86,ninth.de,resell,,,high,low,5,,,,
92215514-be9e-4ad6-8653-65b76f17161d,noon.de,resell,,,high,low,4,,,,
3a7d66f9-ac0d-4818-bf27-4110b8420c41,ahorseback.de,available,6.98,9.88,medium,low,10,namecheap,,,
4b364f52-7f9d-4c3d-ad45-1b96ccf00624,outcome.de,resell,,,high,low,7,,,,
3b2b68b9-6173-422d-b663-73d3e2abeb30,andorran.de,available,5.99,5.99,high,low,8,namesilo,,,
488cbdd9-30c7-435d-a295-5b594a24c7ef,coherently.de,available,19.99,19.99,medium,low,10,name.com,,,
8e98681f-28f4-47aa-bf1c-588011e4f161,cloth.de,resell,,,high,low,5,,,,
a96b2f5b-5f6c-4612-8644-1c4f26d4a7c3,remover.de,resell,,,high,low,7,,,,
4ba51743-598b-4e2a-baf8-cb2786d14b9f,attained.de,available,5.99,5.99,medium,low,8,namesilo,,,07/08/2026 15:07
627c63c4-2724-445f-a2c0-76fcb6b607fe,stemless.de,available,5.99,5.99,medium,low,8,namesilo,,,
00af9bc5-3f9a-44c3-8f9b-2cc3ad6c31e0,pound.de,resell,,,high,low,5,,,,
98d8d00e-4422-4106-8d21-ca2320670bfa,nude.de,resell,,,high,low,4,,,,07/08/2026 16:15
3147757a-35a4-4b2d-aa0c-2564e2d67a1e,themself.de,available,19.99,19.99,medium,low,8,name.com,,,
60557a93-95c4-44e8-a3a1-fbade4c820dd,undesirable.de,available,19.99,19.99,medium,low,11,name.com,,,
c21bd763-345f-4165-8c89-5a11ae99f959,irritable.de,available,5.99,5.99,medium,low,9,namesilo,,,
e8276798-65ae-4fed-9c47-19fe6578a460,rudderless.de,available,5.99,5.99,medium,low,10,namesilo,,,
2abec2eb-9c5b-4c78-84f3-5aaa5137df71,arable.de,resell,,,medium,low,6,,,,06/08/2026 11:14
0905be92-3b05-4185-9bf0-c314fe7cf730,apologize.de,resell,,,high,low,9,,,,
c47ac5f7-7261-44c3-bb11-7ae247dfafef,pamper.de,resell,,,high,low,6,,,,
f759ee19-a480-4642-aa19-72f7e9814eb1,proclaiming.de,available,19.99,19.99,high,low,11,name.com,,,
0f3cbf95-4866-4e43-a739-7f95ed3ca90a,pour.de,resell,,,high,low,4,,,,
be487bee-d453-43e7-aa0e-28e08cda6e8f,solely.de,resell,,,medium,low,6,,,,
b90ebce1-8066-48cc-88cd-93a6f64902e9,including.de,resell,,,medium,low,9,,,,
040fcb7c-b3e7-4edc-97ad-0f91e57f1f61,barbarous.de,available,5.99,5.99,medium,low,9,namesilo,,,08/08/2026 15:40
8bc35890-3884-4398-bdc6-ec159fa9afa4,acronymous.de,available,6.98,9.88,low,low,10,namecheap,,,
71a77ea3-a16c-4f45-b344-8671dfabd66c,bankrupt.de,resell,,,medium,low,8,,,,
e6740146-e87f-410b-8fd1-535cd45e8cb9,repel.de,resell,,,high,low,5,,,,
c27b54b0-8428-415d-bf5e-3333aadf9319,etiologic.de,available,5.99,5.99,medium,low,9,namesilo,,,
98fe47e7-6b08-4585-bd08-ba537857f30c,heartthrob.de,available,19.99,19.99,high,low,10,name.com,,,
13775a15-3ff4-4764-9548-a850786e3483,poverty.de,resell,,,medium,low,7,,,,
6d61f3b8-7445-478d-abcf-357b2b2abf67,beaming.de,resell,,,high,low,7,,,,09/08/2026 04:03
0f33a46e-94b2-4e9a-8010-e13bd6b0bb72,unhappiness.de,available,19.99,19.99,medium,low,11,name.com,,,
025b5031-9efe-4135-9505-dbf5e56f4793,landing.de,resell,,,high,low,7,,,,
51341992-a12d-458f-a060-0fa04bce5b42,lapse.de,resell,,,high,low,5,,,,
7fd785d9-8c3e-4d61-bfe9-b70630efe26d,ambrosial.de,available,5.99,5.99,medium,low,9,namesilo,,,
b48c944e-41a4-427e-9204-ac550f1d3768,acknowledge.de,resell,,,high,low,11,,,,
9b6b4c32-98a3-497d-a617-2b41deb43534,setting.de,resell,,,high,low,7,,,,
69085450-3f33-4caa-b86b-7a96712eaaf3,precise.de,resell,,,high,low,7,,,,
a2dd54f5-f284-473d-af0d-b748502fffde,cleaner.de,resell,,,high,low,7,,,,
d503206e-8718-4f02-96ac-87e82180d2da,concussion.de,resell,,,high,low,10,,,,
f1f5d948-b4ac-4080-a974-60b56a3a3762,anionic.de,available,5.99,5.99,medium,low,7,namesilo,,,
70eb5a00-fddb-4cfe-a8ab-ce34d315060e,inviting.de,resell,,,high,low,8,,,,
91875ffa-158e-411f-be29-6459c093165a,disciple.de,resell,,,high,low,8,,,,
55e19e68-a52a-4b35-b17b-1949b3c994ee,acervate.de,available,5.99,5.99,medium,low,8,namesilo,,,
8e2b698e-a190-45ad-98dc-6668340519e7,sumbuddy.de,available,19.99,19.99,low,low,8,name.com,,,
53b40a12-d4a2-45ad-84a5-c95c9bc2c623,acarpelous.de,available,5.99,5.99,low,low,10,namesilo,,,
fc2e5783-b49b-464e-bb37-abd76ab25d1b,provoking.de,available,19.99,19.99,high,low,9,name.com,,,
99a8e591-01e8-47bb-b9dd-d3cc87ea001e,avaricious.de,available,5.99,5.99,medium,low,10,namesilo,,,07/08/2026 21:48
19f18bb9-13bb-4427-80e1-3bc3bcf9e113,buttony.de,resell,,,low,low,7,,,,
366fb396-a821-48da-90e9-06632e6bf27d,unemployment.de,resell,,,high,low,12,,,,
01fb8851-ae68-46e2-a332-cff9163936ac,azoic.de,available,5.99,5.99,medium,low,5,namesilo,,,08/08/2026 02:22
04ea13e4-e6f4-4616-a0ef-998940c8de86,alated.de,available,5.99,5.99,medium,low,6,namesilo,,,
beee4a8a-41fb-4c2e-9c76-999c1931bf5b,voter.de,resell,,,high,low,5,,,,
b7350a40-1c5b-4561-8ed3-3706fce749df,eonian.de,available,5.99,5.99,medium,low,6,namesilo,,,
ce4a3ecc-e8d6-4b4d-b3e7-fbf101e4c7e4,sickly.de,available,19.99,19.99,high,low,6,name.com,,,
e9f13b5c-b64f-450c-bfcb-b8c3460fd4fa,abstemious.de,available,5.99,5.99,medium,low,10,namesilo,,,
dd8af864-e4da-4a88-9ef8-b32d7fe3dd85,aggravated.de,available,5.99,5.99,medium,low,10,namesilo,,,
39985b45-b258-4997-af09-45dbd2a94b99,foot.de,resell,,,high,low,4,,,,
01155a24-9fbe-4540-91aa-424fb6ae94e0,oversee.de,resell,,,high,low,7,,,,
5b26f82a-ddb6-4717-b33a-70c607aaf166,captive.de,resell,,,high,low,7,,,,
0c7c6352-aec9-495a-bb32-3a86f4f02482,worshipful.de,available,5.99,5.99,high,low,10,namesilo,,,
1c5b4eb4-ee26-4d19-bf71-9d270936cd0b,enraged.de,resell,,,medium,low,7,,,,
f8c6d707-a8f4-40b5-8f1b-4860ae5b113a,seventy.de,resell,,,high,low,7,,,,
a280e39d-e2ff-499b-8c2b-85bc2b78a6d6,ablated.de,available,5.99,5.99,medium,low,7,namesilo,,,
c4704a37-7419-4df5-934f-49a4695e84ae,waiter.de,resell,,,high,low,6,,,,
1497e29c-1b23-4c35-813c-b0ad357b8eea,apnoeic.de,available,5.99,5.99,medium,low,7,namesilo,,,06/08/2026 00:46
69340393-df84-4b30-904d-7f94ecd687cc,recipient.de,resell,,,high,low,9,,,,
e2a4bbd9-24f4-404a-9f3a-16ba62df8afe,patriotic.de,resell,,,high,low,9,,,,
73c77261-d252-466a-af7e-a09cf6c8558e,grocery.de,resell,,,high,low,7,,,,
b53590e9-1e54-47b8-af25-23055110a6c1,plaguy.de,available,5.99,5.99,medium,low,6,namesilo,,,
fe65cb06-b240-4120-a311-de090d0656d8,entirely.de,resell,,,high,low,8,,,,
58f0e1fd-d58c-4ba4-8d22-67172aa702f5,abdicable.de,available,5.99,5.99,low,low,9,namesilo,,,
0ca953eb-b015-4e83-8970-b5d9f0f08e49,acuate.de,available,6.98,9.88,medium,low,6,namecheap,,,
5374ca88-0e2e-44c3-9f1e-6b190334b31a,extraordinary.de,resell,,,high,low,13,,,,
9bd7d9fc-f3e1-4d94-95b3-87d5f9bb2e8f,kangeroo.de,available,19.99,19.99,medium,low,8,name.com,,,
8fbb609d-24d1-42db-b03f-f17a2c43045e,untypical.de,resell,,,medium,low,9,,,,
93d4d5cf-8b5b-4f8d-bdef-b20c9201efe0,accident.de,resell,,,high,low,8,,,,
b1354352-a638-41c4-a38d-e7fc0462db4d,antic.de,resell,,,high,low,5,,,,
97f12a8e-9456-4a38-b39f-3c51bea02dd6,abnaki.de,available,5.99,5.99,medium,low,6,namesilo,,,
31073442-1e12-4e6e-8f4a-81028b68c9ab,corresponding.de,resell,,,medium,low,13,,,,
cdf5d5cc-4773-47ec-8b0f-aa40a9ff39c0,illuminated.de,resell,,,high,low,11,,,,
4dab54f2-79f5-40c5-9ab7-2039ec8d1109,thong.de,resell,,,high,low,5,,,,
db7c5129-1f28-45eb-9313-472fe7d085de,saddening.de,resell,,,medium,low,9,,,,
58312cbd-fe1a-4624-9c6f-8d45c8bc480f,vindicated.de,available,5.99,5.99,high,low,10,namesilo,,,08/09/2026 05:23
386f8387-34b4-4eca-a282-09869f0c8c96,reasonably.de,resell,,,medium,low,10,,,,
64afc1cf-5b92-49a4-994f-c5ad76fd584f,unassuming.de,available,19.99,19.99,high,low,10,name.com,,,
aa13fdb5-f062-4236-8227-683dd8b51ada,blocka.de,resell,,,high,low,8,,,,
21c489d8-aab5-469b-acaf-99604a6ad8a1,vexing.de,resell,,,medium,low,6,,,,
01a86ee6-d177-4c01-ab55-1e7e9f851e94,sidelong.de,available,5.99,5.99,medium,low,8,namesilo,,,07/08/2026 03:26
d6653fb8-2498-4bdc-a43d-ec6736e466aa,avellan.de,available,5.99,5.99,medium,low,7,namesilo,,,07/08/2026 22:24
4e77b08a-e624-4ca4-aeec-46205c09e946,wholesome.de,resell,,,high,low,9,,,,
65c4c705-4ad2-409b-87e3-49456591eadf,whisking.de,available,19.99,19.99,medium,low,8,name.com,,,
6d913853-05cc-4fd2-aa6a-ec8ade45de39,asi.de,resell,,,high,low,5,,,,19/09/2026 14:59
2cefe69d-dbe0-43f5-97ae-0d49ec496394,allegiant.de,resell,,,high,low,9,,,,
40364f2e-bd81-4f3a-bcb2-fc2d0c958251,nashville.de,resell,,,high,low,9,,,,
7c9c1570-31b5-4d63-aba2-094bdf89cbf9,enlighten.de,resell,,,high,low,9,,,,
3555e7af-9461-44ae-a8fd-a39877a1e853,allophonic.de,available,5.99,5.99,medium,low,10,namesilo,,,
216fa3ef-54a5-4c0f-9c00-7d1560274367,autonomic.de,resell,,,high,low,9,,,,
4d7cec2f-d651-4777-af9e-185009f297e4,acquirable.de,resell,,,medium,low,10,,,,
1f4e8190-74cf-4636-a143-ef8aef1e57f4,advice.de,resell,,,high,low,6,,,,
2bec5a82-e51e-4cc1-bf80-3cf30bc65984,took.de,resell,,,medium,low,4,,,,
d6a0859a-88de-419b-add3-67fae329688d,aramaic.de,available,19.99,19.99,medium,low,7,name.com,,,
1244794e-ef4c-42d0-8065-74b04e97e5e0,score.de,resell,,,high,low,5,,,,17/09/2026 18:45
526923e0-bcf4-48d3-a783-92080125eeea,beating.de,resell,,,high,low,7,,,,
30d20ef4-4d2c-4b11-96f6-8fa34e377e21,treed.de,resell,,,medium,low,5,,,,07/08/2026 11:13
4232c0ba-01b8-477b-9732-869d725081df,pleasant.de,resell,,,high,low,8,,,,
f8e7a0b6-d29e-4284-bc97-6b6db8526c2a,principles.de,resell,,,high,low,10,,,,
93a9151a-4f4a-478b-9c24-887abe81cacf,hamburger.de,available,,,high,low,9,,,,
e805abc5-0286-4c30-ae11-468a61826627,vomiting.de,resell,,,medium,low,8,,,,
28e5d1cd-bc00-470a-94da-77ecf80ea09c,consultive.de,resell,,,medium,low,10,,,,
60e2be13-cfb4-4ad2-b576-7210cad8cf0a,washing.de,resell,,,high,low,7,,,,
b643c59b-c581-456a-866e-89066ac7cb59,actor.de,resell,,,high,low,5,,,,
fb8f36e2-fb78-4985-9b32-ec2c563807b1,despotic.de,available,5.99,5.99,medium,low,8,namesilo,,,07/08/2026 18:58
8cac5c89-8942-45ee-9a8d-d1a55a918550,ascendable.de,available,5.99,5.99,medium,low,10,namesilo,,,07/08/2026 00:35
f27e8a25-480f-4463-8850-3dc8df05e756,acerb.de,available,5.99,5.99,medium,low,5,namesilo,,,
fe2dc181-73ba-476d-917f-99a9fdacabee,strategic.de,resell,,,high,low,9,,,,
45c0a63b-1fbf-4d89-b4d9-b402d50590eb,solo.de,resell,,,high,medium,4,,,,17/09/2026 19:20
eae2f9e7-2f9b-4ccc-9bca-5d01b15d0518,corn.de,resell,,,high,low,4,,,,
aea9bfce-372b-480a-bfc2-e1bccce4c518,dances.de,resell,,,high,low,6,,,,
ccae5ec7-c93e-4a4e-a031-3ccc2447d3ee,baritone.de,resell,,,medium,low,8,,,,
457f7082-5083-4e74-8779-fbd351bf9015,whoreson.de,available,5.99,5.99,low,low,8,namesilo,,,08/08/2026 23:43
868a8c1c-09e1-4005-a3be-461993c62e75,abenaki.de,available,5.99,5.99,high,low,7,namesilo,,,
da49050b-e3fd-479d-b2b6-ab55eecb4424,baffling.de,resell,,,medium,low,8,,,,08/08/2026 08:02
dbf1fb40-3609-46cc-b831-fecd1b0d52a3,unceasing.de,available,5.99,5.99,medium,low,9,namesilo,,,
6a6d2c71-dcb3-4b1f-845b-b8c67d0143e9,cost.de,resell,,,high,low,4,,,,
e361f517-6008-446f-ba27-a38b3dba8449,indefinite.de,resell,,,high,low,10,,,,
9a9b4182-f701-4752-b649-b44d68ba4a1d,stung.de,resell,,,medium,low,5,,,,
4595d447-e3c8-469e-b123-d160af9dc2b6,looking.de,resell,,,high,low,7,,,,
dc7f38d9-449e-4705-a23d-f34f9f33fd07,quilting.de,resell,,,high,low,8,,,,
5a848bdb-9eb8-48b5-9bd7-51821e82427a,uncle.de,resell,,,high,low,5,,,,17/09/2026 19:18
2e757c3a-1f8b-4059-ad54-cfbb286838e6,cxxxv.de,available,5.99,5.99,medium,low,5,namesilo,,,
41c5cd93-ec44-441b-a2c3-3b43572e16cf,exaggerate.de,resell,,,high,low,10,,,,
70d7052e-8222-421b-8f18-47e4d0e63bd8,jerk.de,resell,,,high,low,4,,,,
2a9a37bd-996d-4275-ba02-073d8a37a4d1,strange.de,resell,,,high,low,7,,,,
5d07a47a-3826-4e55-a5d5-bd2fe23716c6,engrossing.de,available,5.99,5.99,high,low,10,namesilo,,,
2af45be9-71ba-42c4-8d38-ef3b51a58355,basically.de,resell,,,high,low,9,,,,
e627e9ee-632a-4bd5-a4b2-50687abb0ee9,marihuana.de,resell,,,high,low,9,,,,
5f85167d-a245-4d21-a157-29bc7b664f60,accoutered.de,available,5.99,5.99,medium,low,10,namesilo,,,
924e57ae-1947-4a81-b686-03bab98f2ca8,pestering.de,available,5.99,5.99,medium,low,9,namesilo,,,
eb41eebb-869b-4c88-a5b6-22f2c1604571,lawn.de,resell,,,high,low,4,,,,
1d9fc389-108c-4a64-abb7-e48d51187cf0,barometric.de,available,6.98,9.88,medium,low,10,namecheap,,,08/08/2026 20:06
442c6efe-dcc1-4789-88c6-38d19573035d,conflicted.de,available,5.99,5.99,medium,low,10,namesilo,,,
e5a1c406-0ca6-4304-a540-a749fd0c345c,fascinate.de,resell,,,high,low,9,,,,
cc94c440-61dd-4008-8ad3-977676de46d9,portuguese.de,resell,,,high,low,10,,,,
e6956b34-dbd5-4734-8310-8c150a289f9c,retained.de,resell,,,high,low,8,,,,
5157d7ea-0b26-4d01-aff8-defc219a1234,addible.de,available,5.99,5.99,medium,low,7,namesilo,,,
d43e9211-a3f1-47bc-a282-5ad139df8dc0,prevention.de,resell,,,high,low,10,,,,08/09/2026 14:09
52e3ef84-777b-41b7-9c7c-090aeb0aa4c9,represented.de,resell,,,high,low,11,,,,
f0fd0c9c-b534-4c7b-a224-7506bb4fed5e,qualification.de,resell,,,high,low,13,,,,
c50e8cce-8e3a-4ba1-811a-8fc043362c61,supervisor.de,resell,,,high,low,10,,,,
45f1fd5c-90bd-4f4f-af90-47ed68055404,ailing.de,resell,,,high,low,6,,,,
cc667b02-b608-434d-a11c-82e76d955770,wife.de,resell,,,high,low,4,,,,17/09/2026 18:45
f69bee0c-4652-4bd0-be16-a1b70a948312,grungy.de,available,5.99,5.99,low,low,6,namesilo,,,09/08/2026 09:36
80430e67-24b2-4155-8f68-68c9c90f38e5,allargando.de,available,5.99,5.99,low,low,10,namesilo,,,
cd659f3a-5263-4ac9-97a1-4a6418b12a2e,gaping.de,resell,,,high,low,6,,,,
eb61e398-9687-49ab-84e2-346be569b9a6,anechoic.de,available,5.99,5.99,medium,low,8,namesilo,,,
d9a19e4d-2e58-49ea-8b05-2eace24418ea,beside.de,resell,,,high,low,6,,,,
aa41b7b9-4c77-490a-8b7e-9904c29c1e0c,presently.de,resell,,,high,low,9,,,,
01066d11-af0d-45ff-b202-86244eed758a,tush.de,resell,,,low,low,4,,,,
55413bdf-6f23-429a-bb7a-aeb0751e7d39,aggregated.de,resell,,,high,low,10,,,,
7dc3391c-116f-406f-9da6-29568a2aa48f,abkhasian.de,available,5.99,5.99,medium,low,9,namesilo,,,
5ca89bb6-9fb1-4f7f-995f-76e656e2deb2,adynamic.de,available,5.99,5.99,medium,low,8,namesilo,,,
2fc8b710-16ea-4e86-81de-2870b8716780,shifting.de,resell,,,high,low,8,,,,
a7a8f770-38b1-4e2a-bc7b-bc15dc9b4fa0,stopping.de,resell,,,high,low,8,,,,
f29293f5-d1de-4c48-b515-0674c2a9691e,veal.de,resell,,,medium,low,4,,,,
beaf5424-8f3a-43da-8ce4-f5352d5384ed,oldest.de,resell,,,high,low,6,,,,
5510d569-e56c-4327-b26b-3bb09c26b388,oriented.de,resell,,,high,low,8,,,,
29bc5ff7-fa2a-4fb4-9cd0-b7bc84990b00,memorable.de,resell,,,high,low,9,,,,
913e7c28-3210-410b-87a5-161b5be22854,blanched.de,available,19.99,19.99,medium,low,8,name.com,,,
9ef64904-16f6-4f4b-a84e-8c8451f85b67,auxiliary.de,resell,,,high,low,9,,,,
9301b978-f816-4837-a2a2-5a0be3fc6008,passionate.de,resell,,,high,low,10,,,,24/09/2026 10:46
949a65b6-1aeb-4adb-a2ed-40ca26eac36b,annoy.de,resell,,,medium,low,5,,,,
cbc12d44-86b9-449f-aef3-6c968217f8b9,aeriferous.de,available,5.99,5.99,medium,low,10,namesilo,,,
bf78fcbf-a338-446e-8b97-3c3c9ab0e033,agitating.de,available,5.99,5.99,medium,low,9,namesilo,,,
7ec14368-cfb0-474e-ae52-399e574daf58,antsy.de,resell,,,medium,low,5,,,,
c38d635b-bf52-4d8e-b5be-29e57f292fea,shaper.de,resell,,,high,low,6,,,,
84391cf2-65ed-470f-9717-ff2c899f2c51,absolved.de,resell,,,high,low,8,,,,
5e3ff49a-9d8c-4006-8ecb-1f94f55dff7c,armless.de,available,6.98,9.88,medium,low,7,namecheap,,,06/08/2026 19:54
aee0df93-2bb9-460f-addd-6399c83226c2,amphibious.de,resell,,,medium,low,10,,,,
52dd45e4-646d-49e2-88c3-eb638ab2ba8c,microwave.de,resell,,,high,low,9,,,,
feb26959-c516-4ba8-bc7c-8e3b0790bd4e,adverse.de,resell,,,medium,low,7,,,,
03aa853b-c1f4-4914-9938-106461f68683,operose.de,available,19.99,19.99,medium,low,7,name.com,,,
652aed4e-9591-4713-8e7e-ec121f827f2b,risk.de,resell,,,high,low,4,,,,
c1d79f84-07c4-41c3-bdf6-5959f4640b3a,articular.de,resell,,,medium,low,9,,,,
e3e601be-f805-4f86-8286-ada0dabb66ae,attested.de,available,19.99,19.99,medium,low,8,name.com,,,
91728cf0-7b08-4ccd-ae69-0508085b4e22,acerate.de,available,5.99,5.99,medium,low,7,namesilo,,,
27f7d0a9-b29a-41da-8c37-291ae0eadde8,naturally.de,resell,,,high,low,9,,,,
0487ce10-65e3-4264-b4f0-dac7fe4547ff,inane.de,resell,,,low,low,5,,,,07/08/2026 02:43
399f9222-5f6e-4975-b081-521a67f44251,bird.de,resell,,,high,medium,4,,,,
e9ca8ce8-d261-4c9c-9c85-ab175c184bcf,uncontrollable.de,available,19.99,19.99,medium,low,14,name.com,,,
869d6e94-db8e-4d42-b940-1056078ef8bd,determine.de,resell,,,high,low,9,,,,
6be02abd-f26f-4ed6-bd90-bf71d43cbff1,aplitic.de,available,5.99,5.99,low,low,7,namesilo,,,06/08/2026 00:35
074b9637-b77d-4139-bfef-c83f672fb68c,revelatory.de,available,5.99,5.99,high,low,10,namesilo,,,06/08/2026 00:55
efe676b0-b0d2-48ff-a8be-e5634107410a,toilet.de,resell,,,high,low,6,,,,
8e81693a-523f-4541-92cd-220bd192cac7,nutritive.de,resell,,,high,low,9,,,,
48286b6e-8890-4db2-80c6-7e7801523226,term.de,resell,,,high,low,4,,,,17/09/2026 19:20
bd1d5d6a-7235-47e7-902b-278d650f0c4a,somewhat.de,resell,,,high,low,8,,,,
d27e8c21-9be2-453a-a6e8-f4a7b32df7e1,colombo.de,resell,,,high,low,7,,,,
fffd9ff6-e2cc-4f64-b66e-6da41945e1b1,glance.de,resell,,,high,low,6,,,,
e3ee3b13-db8b-44d4-b7d3-767cc8e4c1ef,plague.de,resell,,,high,low,6,,,,
36ace723-9f27-4e3a-8ec3-627dd83994c9,creatively.de,resell,,,high,low,10,,,,
1fe001c9-5882-4ffe-abd7-c028293f070d,phrases.de,resell,,,medium,low,7,,,,
3a8c654c-ce74-4a96-bb45-c027abb92f98,abscessed.de,available,5.99,5.99,low,low,9,namesilo,,,
ef1a0867-42b2-405d-aa0d-70c12316dda2,loco.de,resell,,,high,low,4,,,,
ace1560b-96f8-47a9-819e-5b47f6cf0755,disapproval.de,available,19.99,19.99,medium,low,11,name.com,,,
18c7072a-a34e-496d-9109-4a166edd6611,exonerated.de,available,5.99,5.99,high,low,10,namesilo,,,
299f38f8-4e4a-4e9d-a09f-5b15b1da8000,spoon.de,resell,,,high,low,5,,,,
01f8a64f-fbc4-4da5-96b3-fb846e11b7e0,buttocks.de,resell,,,medium,low,8,,,,09/08/2026 10:25
daab0f2b-3e6c-44d7-93a9-02ca75379931,risen.de,resell,,,high,low,5,,,,
554d4b17-c8de-4151-a545-c8bb6bd7cf8f,lxxxviii.de,available,6.98,9.88,medium,low,8,namecheap,,,
e30cd570-d2b6-4672-b8e0-f09a760e13a1,lisboa.de,resell,,,high,low,6,,,,
2053c097-03b5-4f33-b664-58c3a8aeb199,abradant.de,available,5.99,5.99,medium,low,8,namesilo,,,
5b58b1ed-27d1-4007-989b-0a0a47f1d3bb,argentine.de,resell,,,high,high,9,,,,06/08/2026 18:15
7b63d81e-b269-4d6e-ab42-350a60c9c889,month.de,resell,,,high,low,5,,,,
dfd4d530-a54f-49d7-9048-31e600b6ed9b,possession.de,resell,,,high,low,10,,,,
a97bc26a-bc16-403d-810d-3cab3640adde,accented.de,available,5.99,5.99,medium,low,8,namesilo,,,
5673ad7b-3db4-49b8-b358-2e572874f225,nettled.de,available,5.99,5.99,medium,low,7,namesilo,,,
ad2d9f81-4d76-4b13-b68f-0bce929fb536,february.de,resell,,,high,low,8,,,,
8d4790a8-5070-4af0-be9b-b4b0a97a88b7,refrigerator.de,resell,,,high,low,12,,,,
d4d58908-a1eb-4dd3-86ce-dfb0861927fc,sumbody.de,available,19.99,19.99,low,low,7,name.com,,,
e4168022-af70-45da-86f5-7fe4c7704c7e,mothafucka.de,available,19.99,19.99,medium,low,10,name.com,,,
295b4e11-3aa9-4cbf-9e9f-7220bc0a96db,actually.de,resell,,,high,low,8,,,,
73de9707-f59a-4106-b854-561053e0d56b,nettlesome.de,available,5.99,5.99,medium,low,10,namesilo,,,
7016e750-ebb0-4d7f-8b15-b846a0658c33,ridden.de,resell,,,high,low,6,,,,
3511019b-bf69-4348-8edf-ca82670df4b3,police.de,resell,,,high,low,6,,,,
c22a758d-5234-4372-bf64-715e3766732e,antifungal.de,resell,,,medium,low,10,,,,
0e297636-1408-42da-94c6-df8bca451507,properties.de,resell,,,medium,low,10,,,,
c3899897-ba43-477b-875d-efa5c12e77ca,unemployed.de,resell,,,medium,low,10,,,,
08045c6c-366e-4bad-9681-1c77a03b79da,bated.de,available,5.99,5.99,medium,low,5,namesilo,,,09/08/2026 00:22
575282dd-8d2d-4d70-83f1-5d7f1690bcba,published.de,resell,,,high,low,9,,,,
31cc59dd-5b3e-45df-8360-36029efc5efb,empowering.de,resell,,,high,low,10,,,,
ff0f3ab0-6b76-44c0-8716-98658936b38e,lecture.de,resell,,,high,low,7,,,,
4bd8bbcb-56b9-4496-90ed-f9406b77cb8c,alsatian.de,available,5.99,5.99,high,low,8,namesilo,,,
5e001b4b-1571-427a-856d-22d6bddf7afe,tertiary.de,resell,,,medium,low,8,,,,
5a8a9a9d-1ba9-4230-85b0-a9bba28f3802,apology.de,resell,,,high,low,7,,,,
ec9a746d-eb10-440e-80c6-a7d120da3548,teenage.de,resell,,,high,low,8,,,,11/09/2026 10:07
b576d03f-2042-4745-8a18-31f0ddc14f51,flew.de,resell,,,high,low,4,,,,
0db809e1-7bc1-482f-ac20-ed3de24c6c53,fourteenth.de,available,5.99,5.99,high,low,10,namesilo,,,
f2016fd3-1c8c-466e-a055-751d5826a6e9,lafayette.de,resell,,,high,low,9,,,,
c2b764ba-688f-45ea-8034-aa73692cf285,publicly.de,resell,,,medium,low,8,,,,
b92142b4-dc84-4766-ae8f-39106d8e45bf,captain.de,resell,,,high,low,7,,,,
eff1d8e2-7739-4d73-91b8-b744e614006d,bleak.de,resell,,,medium,low,5,,,,
41be4269-4dcd-44cb-8891-b4eb0eacf14a,baronial.de,available,6.98,9.88,medium,low,8,namecheap,,,08/08/2026 20:11
bd03a2ee-428d-4d99-8c20-99ba1eed51c1,stray.de,resell,,,high,low,5,,,,
4aef5865-b983-4af6-b464-c869cd8c5949,spinous.de,available,5.99,5.99,medium,low,7,namesilo,,,
d28563e5-1baf-4142-bd11-be06dceb5c06,burred.de,available,5.99,5.99,low,low,6,namesilo,,,08/08/2026 17:23
26aaed88-88ce-490f-a1ba-211b91ada20f,occur.de,resell,,,high,low,5,,,,
3c01dd6d-36f3-496d-b22d-01800070393a,backsi.de,resell,,,medium,low,8,,,,
12255900-b4af-4af1-88cd-3f3532b9066e,panoplied.de,available,5.99,5.99,medium,low,9,namesilo,,,06/08/2026 21:42
f1a5182c-1a35-49cb-8bbf-4f9a04f5ce75,backpack.de,resell,,,high,low,8,,,,
9834251e-2b51-4414-864e-657420ad0731,pristine.de,resell,,,high,low,8,,,,
65f20414-4c6b-478e-9c48-d30c7f59a958,advertent.de,available,5.99,5.99,medium,low,9,namesilo,,,
6c2fd221-3966-4cbe-a9ed-991d41aeb3c3,antidotal.de,available,5.99,5.99,medium,low,9,namesilo,,,
612bab70-62f9-4748-9fdc-53685ff75bfd,regulate.de,resell,,,high,low,8,,,,
8e107d47-9c70-4e17-ab34-c254522b94a6,asking.de,resell,,,high,low,6,,,,
97411ef4-4a01-419a-b59e-f81aafcd405e,autoerotic.de,available,6.98,9.88,low,low,10,namecheap,,,07/08/2026 20:01
4eff3f52-88d0-4101-8a3a-6127f42d75de,influenced.de,resell,,,high,low,10,,,,
36253d54-752a-4abd-acad-d83c51b2b770,avian.de,resell,,,high,low,5,,,,
91065fa7-ea69-4120-9de9-e0828421c157,supported.de,resell,,,high,low,9,,,,
2260b9fc-6716-4a6c-b6ed-40db35cec126,ardent.de,resell,,,high,low,6,,,,
5903fefc-9eff-4094-8210-f958c642f3b8,beaked.de,available,5.99,5.99,medium,low,6,namesilo,,,09/08/2026 03:50
00fd755b-e196-4674-9a53-1615fc75f6c2,calf.de,resell,,,high,low,4,,,,
0564290d-49b7-49c0-a445-104301b941ca,rural.de,resell,,,high,low,5,,,,08/09/2026 07:52
597da362-5aeb-4c5c-ae21-cf234d7b2870,aguish.de,available,5.99,5.99,medium,low,6,namesilo,,,
176ea10c-627d-40f8-84b7-d75c901248e4,discard.de,resell,,,high,low,7,,,,
3b223f53-a655-411c-b127-75c6c28dc96b,annalistic.de,available,5.99,5.99,high,low,10,namesilo,,,
f59f2294-cbb3-4354-8ba2-cb7953d5deaf,democrat.de,resell,,,high,low,8,,,,
9486f761-3788-432c-a6c5-ea2af0ae7741,speeding.de,resell,,,high,low,8,,,,
32653543-a6e1-4a63-a9e2-8eec827f8490,vegetable.de,resell,,,high,low,9,,,,
f7373bd7-0119-44b7-9d9f-14ee8f5cff06,adviseable.de,available,19.99,19.99,medium,low,10,name.com,,,
0c5d2057-673e-4da0-ba6e-84ecdc2d0709,mushy.de,resell,,,medium,low,5,,,,09/08/2026 00:58
265f71c9-f664-4ee5-a54c-d7b0b1f29432,reveal.de,resell,,,high,low,6,,,,
1a78ca84-e0b5-419a-96b3-a41009b6f9a1,battler.de,resell,,,medium,low,7,,,,09/08/2026 13:32
b13ab632-1149-4959-8fa5-6cf34a382a67,showed.de,resell,,,medium,low,6,,,,
b4af65b9-f5c1-49f9-aff8-37407b74cf1d,july.de,resell,,,high,low,4,,,,
b0c35d65-a62c-40b5-95bc-f31ca94dfb28,continuously.de,resell,,,medium,low,12,,,,
e64389f9-b806-437f-990a-c45d6bbd3bb1,affiliated.de,resell,,,high,low,10,,,,
8152cbb5-8f6a-4603-a59b-94c062dbab7b,ascendent.de,resell,,,medium,low,9,,,,
970e0109-4a9a-4832-b1e7-512d74d030a3,acerbic.de,available,5.99,5.99,medium,low,7,namesilo,,,
eb5700c0-f785-4a98-b9fc-6f8cc0b203dc,heartburn.de,resell,,,medium,low,9,,,,
ceb767db-7074-40eb-a445-d8bc07097938,abbatial.de,available,5.99,5.99,medium,low,8,namesilo,,,
e2b6b924-158c-4c3b-8201-11dec7a26bc8,playacting.de,available,6.98,9.88,medium,low,10,namecheap,,,
ff04d99d-8c9a-4bb8-8aba-2680f5d6feaa,visited.de,resell,,,high,low,7,,,,
409f70eb-d309-4dc6-9f9f-ec94527bcc3c,grinning.de,available,5.99,5.99,high,low,8,namesilo,,,
cc3dfaf9-b2b0-423c-bfe3-054bb64f6374,admissible.de,available,5.99,5.99,high,low,10,namesilo,,,
8770626e-8d6e-4ee7-b923-ffb16bc59cb7,pungent.de,resell,,,medium,low,7,,,,
a2c47001-681e-4cd7-8969-158c15af11b0,nonplussed.de,available,5.99,5.99,medium,low,10,namesilo,,,07/08/2026 10:48
3cdcf078-ee6b-4bbb-aca0-95ba8f2c9256,nutrient.de,resell,,,high,low,8,,,,08/09/2026 11:42
17e6cd07-3c9e-477d-980a-bb431befbc8f,scripted.de,resell,,,high,low,8,,,,
a27c98b0-3b4f-4fdd-886b-3f4a710fead5,arboreous.de,available,5.99,5.99,medium,low,9,namesilo,,,06/08/2026 12:59
1e3c419b-7bc9-497d-bcde-fda55f4064a9,aground.de,available,5.99,5.99,medium,low,7,namesilo,,,
3d1247a4-3d22-4e6f-b9a6-a4919224a357,comprehend.de,resell,,,high,low,10,,,,
c272fc1b-6ada-4ce6-a1bc-d595b2aae18a,monkey.de,resell,,,high,low,6,,,,
9e008a99-572c-46b8-9b64-8b6194fe10ba,nu.de,resell,,,high,low,4,,,,
c649d2c2-ac80-4067-9f7b-542bcb060761,angled.de,resell,,,medium,low,6,,,,
6dfdae60-8adc-4025-9211-8070fe3eae1b,streamer.de,resell,,,high,low,8,,,,08/08/2026 13:57
4f8a49ab-dcf5-49c0-aa7e-4b288f201a8d,terrified.de,resell,,,medium,low,9,,,,
b38728ff-711f-40ab-8aa5-b494d1598f5e,dormant.de,resell,,,high,low,7,,,,
44815a54-7825-4529-8c90-aa417b583176,proved.de,resell,,,high,low,6,,,,
e9f7871a-1e72-44ec-8639-3f940b5b345e,achromic.de,available,5.99,5.99,low,low,8,namesilo,,,
308207aa-cf6b-4623-b2ff-89e4eeaa14ae,glitter.de,resell,,,high,low,7,,,,
82c9364d-cb23-4228-a610-0204fbd24cf9,baleful.de,available,5.99,5.99,low,low,7,namesilo,,,08/08/2026 09:39
6481e988-95c6-49af-8298-f97b34055a30,algerian.de,resell,,,high,low,8,,,,
96eb723d-6c36-47dd-908e-5cac722324be,because.de,resell,,,high,low,7,,,,
38f405b9-7ad0-414f-9aa7-7bfe5dffbf70,hours.de,resell,,,high,low,5,,,,
904bd79e-bfb9-410f-b43d-0a5dad6d7267,acinar.de,available,6.98,9.88,medium,low,6,namecheap,,,
43385836-5b42-4a6f-ac1b-9a75c82f3023,distribute.de,resell,,,high,low,10,,,,
b49ff76d-9fde-43b2-9c71-bf399a1e341d,mouse.de,resell,,,high,low,5,,,,
bd5d9421-cfd3-455f-ae1d-f9ae527d4e0e,centesimal.de,available,5.99,5.99,medium,low,10,namesilo,,,
b9f009ac-f0d5-428b-ab8b-27a2b4a314df,elias.de,resell,,,high,low,5,,,,
7e327a6f-f1e7-4168-9a1e-796aa5c996e7,king.de,resell,,,high,medium,4,,,,
aac26fd9-6409-4869-a7cd-a210bfe51f05,influential.de,resell,,,high,low,11,,,,
6c2db0da-0f3f-4bb4-bee0-70fcd9baab39,agonising.de,available,5.99,5.99,medium,low,9,namesilo,,,
9eafd63d-0056-4a3b-ad08-f36b9b0dd0f5,leash.de,resell,,,high,low,5,,,,
64ebd993-1aff-42e0-9d28-41ef275f8fff,undeveloped.de,resell,,,medium,low,11,,,,
00e3e5e3-7b2c-45c8-8464-b3428e312e73,pledged.de,resell,,,high,low,7,,,,
8d38aa91-b2ff-4bde-961f-afce8de3d07b,analogous.de,resell,,,medium,low,9,,,,
b8aeb76f-8d06-4b3f-b601-acdec57a2db7,asserted.de,resell,,,medium,low,8,,,,
29df83ec-8eed-4ee2-a6d2-7fa9af349ae9,foreigner.de,resell,,,high,low,9,,,,
5ced82d9-e9bc-4e95-95d1-27b01f659dbd,bars.de,resell,,,high,low,4,,,,
4c08c7fd-5d16-41bf-802d-3f61284a4f7d,lxxi.de,resell,,,medium,low,4,,,,
2ac6ab47-d9eb-4758-99c2-bd592dc21f39,altruist.de,resell,,,high,low,8,,,,
b9081c09-16d1-4f25-98e5-49443eb20c9b,petite.de,resell,,,medium,low,6,,,,
386fe22b-5eaa-4cb3-840c-2341ec2292a5,normandy.de,resell,,,medium,low,8,,,,
1645bd45-d9ad-4b17-9c5c-1fbd1aa1a874,sperm.de,resell,,,high,low,5,,,,
90771b15-2bbc-46dc-bc87-f5188976af62,maxim.de,resell,,,high,low,5,,,,
624d4a7a-dc53-4560-a0cd-6409675a9d13,algonquin.de,resell,,,high,low,9,,,,
65c0ab36-5980-484b-ac10-5a68b73ff898,fungici.de,resell,,,medium,low,9,,,,
733b7502-6daf-49a8-b216-2f962d691ddb,belgian.de,resell,,,medium,low,7,,,,
4e2b096a-1bd7-47dd-a9dc-81b0cc23a04d,armenian.de,resell,,,high,low,8,,,,06/08/2026 19:39
f79af347-de82-49b6-80d7-b240cdf888b2,grievous.de,available,19.99,19.99,low,low,8,name.com,,,
bdcc6218-7fe5-4666-81ea-1fc4351769ce,retardant.de,available,19.99,19.99,medium,low,9,name.com,,,
91c87129-6d41-4975-9df0-3a877f50e0b0,steamed.de,resell,,,medium,low,7,,,,
0ead4366-ec11-4345-96d4-f015c0a5aa82,exclusively.de,resell,,,medium,low,11,,,,
ae4935d0-7715-47c0-b000-4a1478ca3c37,baby.de,resell,,,high,low,4,,,,
5f247fb4-589c-4cf9-8296-e723938c7c8b,exhibit.de,resell,,,high,low,7,,,,
063be7fa-3f9c-4418-96c8-8e3fa3a06047,congregation.de,resell,,,high,low,12,,,,
d823428b-33c3-4b97-8b58-c5701fa40d51,previous.de,resell,,,high,low,8,,,,
92fc4921-2c89-42d1-b7ee-eb5e6ca1c246,eolotropic.de,available,5.99,5.99,medium,low,10,namesilo,,,
655563d6-ea06-44c9-8d9a-fc986959a981,pitted.de,available,5.99,5.99,medium,low,6,namesilo,,,
fee33b1b-b0ca-4fab-ba86-4f1141105e5a,definitely.de,resell,,,high,low,10,,,,
55a85b57-eb63-4882-95fa-73aaa7a9000a,traveled.de,resell,,,high,low,8,,,,
b5be417a-23c5-42f4-94cf-98e938cf9c8c,roiled.de,available,5.99,5.99,medium,low,6,namesilo,,,
08bf4663-8a28-4dba-9c50-261f6f2fe2ab,timeworn.de,available,5.99,5.99,low,low,8,namesilo,,,08/08/2026 11:14
f94beca8-ca55-4737-b17f-a5d17f6be3b7,backed.de,resell,,,high,low,6,,,,08/08/2026 05:33
be7e9d07-9d78-496a-9d36-0599b01c6302,closest.de,resell,,,high,low,7,,,,
f0ec495f-2537-4c4e-adc7-b998a0f2e85f,medication.de,resell,,,high,low,10,,,,
b690014f-ccd8-4d42-a504-711badb3dfab,relationship.de,resell,,,high,low,12,,,,
723c5c47-9470-443c-882f-53b47d182da0,broached.de,available,5.99,5.99,medium,low,8,namesilo,,,
45e71d64-5d13-478d-9c07-d2b68e1ebd10,receipt.de,resell,,,high,low,7,,,,
077a66ad-9c8e-4952-a256-7180e4b92413,sinners.de,resell,,,medium,low,7,,,,
3597a7c4-6646-412a-8bf9-1abb3a4f6ade,bastard.de,resell,,,high,low,7,,,,
f5180055-154f-490d-97c1-e55a45717ea8,informal.de,resell,,,high,low,8,,,,
3d401171-16e2-4bd0-b43a-e2b81a84d219,mothafucker.de,available,19.99,19.99,medium,low,11,name.com,,,
5b0c703e-6739-4302-8d62-a4e0577aca92,wakening.de,available,19.99,19.99,high,low,8,name.com,,,
92de9c25-af29-4925-bc5c-c8d3d59a787d,medal.de,resell,,,high,low,5,,,,
f2b090df-5d50-4b32-97eb-19b24906f372,achaean.de,available,5.99,5.99,medium,low,7,namesilo,,,
a2c9027d-1f4a-4249-a505-4ff36c7c8cfd,capitalize.de,resell,,,high,low,10,,,,
60df215d-d55c-4b3b-9838-80e586448c53,tongue.de,resell,,,high,low,6,,,,
c4ee6c39-6cbf-4415-a986-a3e3d6e0b4a2,shortly.de,resell,,,high,low,7,,,,
5b1e5a30-e79a-4bad-aa54-d6e4c3dfe96f,allowance.de,resell,,,high,low,9,,,,
3fc49029-246f-4948-b99f-d50e0fd7fb21,acre.de,resell,,,high,low,4,,,,
2edf6bb4-6b66-47b6-9e0c-f6abf928e2cd,neglect.de,resell,,,high,low,7,,,,
a1158658-5651-4a28-8d6d-53ee039c1c08,extremely.de,resell,,,medium,low,9,,,,
1ebb7dcc-e270-41ee-bfae-fb7a8a595a19,chesty.de,resell,,,medium,low,6,,,,06/08/2026 22:08
9d8b7c50-7729-4568-b09a-33d40d69045f,allergenic.de,available,5.99,5.99,medium,low,10,namesilo,,,
42a1a39f-2fc9-4051-8844-d0242570b9d6,addresses.de,resell,,,medium,low,9,,,,
a3c487f4-78ea-4d75-8999-ad8f7b5c3529,austral.de,resell,,,medium,low,7,,,,
dc46a3fc-b054-49ad-b127-b4a149c9fb28,shaft.de,resell,,,high,low,5,,,,
f99f6519-de04-4969-8d2a-7bf4adc496d4,expedition.de,resell,,,high,low,10,,,,
3ab960da-7752-457c-b9a8-f457eb378114,trousers.de,resell,,,high,low,8,,,,
1c768638-f919-4d5a-bbf9-d8853d24b43e,discuss.de,resell,,,high,low,7,,,,
eda4c1c8-2dbb-4ded-9e35-dc5f23049361,equally.de,resell,,,high,low,7,,,,
04e5027b-9478-41e8-ae1b-ee1a2e8d51ac,shears.de,resell,,,high,low,6,,,,
d652a9c1-4f97-4669-83e1-4fc14e75c55c,skill.de,resell,,,high,medium,5,,,,
4d3eeca2-6889-44b8-ad73-444f343c8c9b,acceptive.de,available,5.99,5.99,high,low,9,namesilo,,,
2fc33f7f-f43d-4422-8f56-768c70cf9e4d,unquestionable.de,resell,,,medium,low,14,,,,
f8a839ab-7e07-4a8d-9148-552928f02297,captivated.de,resell,,,medium,low,10,,,,
d8388c89-eeba-4bf6-9b6f-0f0fc54faee8,assess.de,resell,,,high,low,6,,,,
632cd7dc-fc48-469c-b89c-0a89d9692909,fortified.de,resell,,,high,low,9,,,,09/08/2026 00:17
eb5a2674-fb7b-4e11-a371-47ece22091fc,detox.de,resell,,,high,low,5,,,,
10cecbc3-8d55-4d2a-b315-80ac493fe076,quickness.de,resell,,,high,low,9,,,,
0defc06d-5ef7-40d1-9690-f5e090fb1229,acicular.de,available,5.99,5.99,medium,low,8,namesilo,,,
a4796a7b-4346-404a-8452-52a0fc48af58,fourth.de,resell,,,high,low,6,,,,
fc80689e-735a-4b8c-88ff-2fe69b3ea46d,antitoxic.de,resell,,,medium,low,9,,,,05/08/2026 19:55
6aadeec9-88b1-43ce-a29e-375613746360,sixteenth.de,available,5.99,5.99,high,low,9,namesilo,,,
27107c04-dfa8-49a5-ac8a-3514ecffb57f,annulate.de,available,5.99,5.99,high,low,8,namesilo,,,
062d7286-0bfd-40c2-b247-c0d97f2fe655,repeated.de,resell,,,high,low,8,,,,
3370510a-e0da-4087-ba35-1d51990ca411,procrastinate.de,resell,,,medium,low,13,,,,
9c6d3327-3688-4e07-adfa-f16669e9977e,shirtless.de,resell,,,medium,low,9,,,,
9e957507-520a-4250-90a5-a3eaf58f30e1,grasping.de,available,5.99,5.99,medium,low,8,namesilo,,,07/08/2026 22:04
c9c2c779-da03-4be5-92bc-8dbdeff66f9b,guys.de,resell,,,high,low,4,,,,
1d828347-8f7a-4211-aaf5-eaa0b012a359,surrender.de,resell,,,high,low,9,,,,
259086d3-bdb6-4f06-83ba-c18e3ba618fe,apiarian.de,available,5.99,5.99,medium,low,8,namesilo,,,05/08/2026 23:53
3caa5772-f61c-40e3-9622-1df6a5db7d29,awheel.de,available,5.99,5.99,low,low,6,namesilo,,,08/08/2026 01:05
49cdbbb7-1651-49b3-85a1-c8edb60f5eb6,scratched.de,resell,,,medium,low,9,,,,
00507403-9b57-4e77-840e-dd0d5c21a43f,unbearable.de,available,19.99,19.99,medium,low,10,name.com,,,
554d37b3-f0a5-4ccf-9047-cecfdb039691,squinty.de,available,5.99,5.99,medium,low,7,namesilo,,,07/08/2026 03:20
8a0e9a3e-7306-408a-b1c7-dca89992011e,greedy.de,resell,,,high,low,6,,,,
8ff3ed94-5a7f-4d9f-b121-d8ccf0e861d5,noble.de,resell,,,high,low,5,,,,08/08/2026 20:18
e0a91153-59f1-4f9a-bcea-212a458d3d93,lowering.de,available,19.99,19.99,high,low,8,name.com,,,
68a2eabf-37a5-4c28-a447-613edcbcef8b,call.de,resell,,,high,low,4,,,,
bed29015-594d-442a-822c-b1028a944e3c,tierce.de,available,5.99,5.99,medium,low,6,namesilo,,,
f6ca8c0d-bb0e-42fc-a790-18a7e09de408,accusive.de,available,5.99,5.99,low,low,8,namesilo,,,
c480a1a8-44fb-4290-afd3-3c52ac7046f5,bead.de,resell,,,high,low,4,,,,
256d12e6-3d2f-4b1b-b22e-71b3b3a7aeb4,kitchen.de,resell,,,high,low,7,,,,
b642a230-8237-45f8-8775-f5cc158a6a50,bloodstream.de,resell,,,high,low,11,,,,
6c964ce4-d9ff-4740-808c-4de1153a7459,usually.de,resell,,,high,low,7,,,,
54aa82a8-00d6-40f5-bae8-527df6a365db,thunder.de,resell,,,high,low,7,,,,
3fed44ab-9f6e-4c5c-b2f5-eb96564f44ac,lazuline.de,available,5.99,5.99,medium,low,8,namesilo,,,08/08/2026 03:18
a176d828-8244-4af5-ba04-e5e4aa215e53,waiting.de,resell,,,high,low,7,,,,
ef704d81-b57b-4edb-ae9b-6933b52eb5e4,grouping.de,resell,,,high,low,8,,,,
9f6d94f1-af9a-45bb-81b5-dc581f23c84a,families.de,resell,,,medium,low,8,,,,
bafa8fda-98c6-4449-9645-db93bf6cd244,furious.de,resell,,,high,low,7,,,,
6063d16c-8d5b-41ef-93e1-616b4ec8b729,speculation.de,resell,,,medium,low,11,,,,
839d95cf-5746-4a0c-8c93-baab56d2eb06,uncomfortably.de,available,19.99,19.99,low,low,13,name.com,,,
150d3186-0ed5-4db2-b272-8b55118e480e,figures.de,resell,,,medium,low,7,,,,
0a0bf08c-1f10-4305-8e2b-f2a6526a663f,deposits.de,resell,,,medium,low,8,,,,
20e2f0c9-6e37-4ad4-a23f-ecf61dc90387,shear.de,resell,,,medium,low,5,,,,
ebd6113b-6acd-4eb2-b7a3-5fad284fa8ad,continually.de,resell,,,medium,low,11,,,,
873b5b66-5e05-46f4-8243-89fecc4cd739,accusative.de,available,5.99,5.99,high,low,10,namesilo,,,
c6ee77de-bee9-4b3c-865a-fe552c5913e0,primer.de,resell,,,high,low,6,,,,
6f5a7755-b8b3-4c55-8eab-c8ebe2ce8b08,irritating.de,resell,,,medium,low,10,,,,
34b89e47-6e57-4f53-aa20-6ed611abb565,illustrated.de,resell,,,high,low,11,,,,
4d170da4-cd9f-493d-93e0-ca96eef634d1,arab.de,resell,,,high,low,4,,,,
179560bd-75a5-4b85-802a-04cad145bbe4,towed.de,resell,,,medium,low,5,,,,
415cbef4-eb52-41eb-85cd-efa371db7d7a,commercially.de,resell,,,high,low,12,,,,
856c21b6-ac26-489a-a2c8-76246288f584,insolvent.de,resell,,,medium,low,9,,,,
b5519ebf-8ed4-4e66-982a-f3c204ab76be,candidacy.de,resell,,,high,low,9,,,,
ca8e99c2-ac11-4edd-aacb-734c00f7fc4b,dismayed.de,available,5.99,5.99,medium,low,8,namesilo,,,
425cf170-e95b-4f1b-b313-67d4311aa88d,thanks.de,resell,,,high,low,6,,,,
e4e84cfb-6ea1-4126-8972-83182ebebad9,azotic.de,available,5.99,5.99,medium,low,6,namesilo,,,08/08/2026 02:53
c129287f-1b96-437f-80ec-3495484319ff,facing.de,resell,,,high,low,6,,,,
422c569a-34bb-434e-bdbd-e42bb57bdf34,pinging.de,resell,,,medium,low,7,,,,
f46ec9e2-6435-404d-a498-ed9bfaab36b9,devotion.de,resell,,,high,low,8,,,,
ecd55880-6664-40fe-8c8f-bf7b5293f042,lxxxiv.de,available,6.98,9.88,medium,low,6,namecheap,,,
64c48024-0743-431f-ba46-b965493eaa93,chambers.de,resell,,,high,low,8,,,,
ecb81e09-424a-4913-bafd-ea3f7d0ce05b,appellate.de,resell,,,medium,low,9,,,,06/08/2026 06:18
7c4f47cb-bfbb-4134-8d30-3abd67551183,repugnant.de,available,5.99,5.99,medium,low,9,namesilo,,,
11215bf8-d4bb-4854-87e6-15c1e2f30642,pointless.de,resell,,,medium,low,9,,,,
7f80553a-1130-4a86-b23b-f5416b9e9c1e,unlimited.de,resell,,,high,low,9,,,,
f2b317fa-bccd-4724-9325-3237846a33fd,orleans.de,resell,,,high,low,7,,,,
cbc400d7-a235-4b5d-b2a4-5b4b48724ebc,clxv.de,available,5.99,5.99,medium,low,4,namesilo,,,
fac6e54b-3c9f-4bd1-ae25-8f1260c581fc,abroach.de,available,5.99,5.99,high,low,7,namesilo,,,
695b3871-6a7f-45d3-8be1-9a4756239599,height.de,resell,,,high,low,6,,,,
47909c5d-95b2-454b-8a54-04ccee0f2b07,definitively.de,available,19.99,19.99,medium,low,12,name.com,,,
d1b02f37-8c43-4012-8b04-e01838d4ea3b,trapped.de,resell,,,medium,low,7,,,,
50e60285-fd92-4b55-a574-76eff1a8e932,preserved.de,resell,,,high,low,9,,,,
6ff96e8d-9b67-4dd5-9850-d51a080ed066,aroused.de,resell,,,high,low,7,,,,
707913f6-64a7-461d-b269-4ebed9c4a2d1,fictive.de,resell,,,medium,low,7,,,,07/08/2026 07:55
f37b7a07-7312-41e1-9a47-f289371856bc,scratchy.de,resell,,,medium,low,8,,,,
22e1f6af-4d60-4e22-8806-5e390457c428,analogy.de,resell,,,high,low,7,,,,
22f0624c-8697-4e13-b87a-597c0299ee8c,widowed.de,available,19.99,19.99,medium,low,7,name.com,,,
288ffb94-4672-44b2-8e31-ff8fb79bc358,cheeses.de,resell,,,high,low,7,,,,
55e80c0c-4b68-46ed-b611-5542ee04bd53,nectarous.de,available,5.99,5.99,medium,low,9,namesilo,,,
c6943334-4c5f-4c45-a197-e05d26dd6b03,when.de,resell,,,high,low,4,,,,17/09/2026 18:45
abb4970f-4cbc-462d-b393-10773ca67efd,aboulic.de,available,5.99,5.99,low,low,7,namesilo,,,
c0a55239-a947-4bd5-94b8-0df0501a21c9,midday.de,resell,,,high,low,6,,,,
8b167e09-8492-45a7-bca5-1d1f480e6b76,deficit.de,resell,,,high,low,7,,,,
726782fd-116f-46d2-b4e6-220c97848fca,anorexic.de,resell,,,medium,low,8,,,,
6b90f7da-0be4-47f5-8506-5ba7abdb9c4d,awestruck.de,resell,,,medium,low,9,,,,08/08/2026 01:00
b4cc2ffd-6948-46d4-8426-f3dab997ae09,division.de,resell,,,high,low,8,,,,
025ee7b3-c24d-4b71-95b8-8b542cf37f28,atrip.de,resell,,,low,low,5,,,,
fbcebd7c-d62e-4f4e-8bc2-cad8810b2b0b,renewal.de,resell,,,high,low,7,,,,
ec798d6e-834f-4665-a4c1-bbd4d72dca8c,treelike.de,available,5.99,5.99,medium,low,8,namesilo,,,06/08/2026 14:01
a78c3670-7e85-4a32-94ff-2c19f8e88c52,employer.de,resell,,,high,low,8,,,,
43d08ee6-a086-4a3d-bd1a-265f3eb4912a,river.de,resell,,,high,low,5,,,,
2b63a44b-f600-4bf7-ae96-fe156a21b5bf,consent.de,resell,,,high,low,7,,,,08/09/2026 13:17
2a6ecc3e-ef62-4efa-b82d-072aab716754,dishonesty.de,resell,,,medium,low,10,,,,
f471afe8-2681-406c-866f-bce978dd0c8e,year.de,resell,,,high,low,4,,,,
538a3223-2131-46ca-923d-19f5bcc19a52,thirtieth.de,available,5.99,5.99,medium,low,9,namesilo,,,
daed1ad2-f128-4aee-af3b-e1b7989fa074,evacuate.de,resell,,,high,low,8,,,,
7d168842-0277-4550-9339-afed1200084d,arid.de,resell,,,medium,low,4,,,,06/08/2026 18:58
3176f6d1-e2e4-4c7d-a8f8-33e1ee9396e6,razor.de,resell,,,high,low,5,,,,
8ed02a9a-f378-43ee-a7f0-fc9fdcdcbe4b,arbitrarily.de,available,19.99,19.99,medium,low,11,name.com,,,
5816cb7d-e7ca-4934-ab87-ccbd52f6d192,attenuate.de,available,5.99,5.99,medium,low,9,namesilo,,,07/08/2026 15:21
ee0aca12-227e-4ab8-8860-bbf0b5ed2130,pestilent.de,available,5.99,5.99,low,low,9,namesilo,,,08/08/2026 12:06
2a5f9d17-a011-42b4-ad07-497491b774b8,adjacent.de,resell,,,high,low,8,,,,
c9620b1e-8dc0-4188-9343-c0875d5981ac,brute.de,resell,,,high,low,5,,,,
1222594a-b6ff-4d2a-978e-216e2a3e5580,apropos.de,resell,,,medium,low,7,,,,
44219bdf-b5f6-462c-a77c-245a78cdfa12,laughter.de,resell,,,high,low,8,,,,
3942d26c-890a-4111-85b0-f31343e90d16,painful.de,resell,,,high,low,7,,,,
a45913e0-8e28-4151-896b-f026450e3a5d,hindsight.de,resell,,,high,low,9,,,,
2b6e65ec-a049-48d9-a3c9-96a1bd5e41dc,donation.de,resell,,,high,low,8,,,,
d04f3d7b-8c5f-48d1-b9bd-9c713da3b03a,grandfather.de,resell,,,high,low,11,,,,
bbeb18bb-77d0-4173-9c73-ee6e55acb381,glittery.de,resell,,,high,low,8,,,,
66276e68-d29e-4eb8-805c-144ed450f9e3,convinced.de,resell,,,high,low,9,,,,
45c44bfd-5103-4e62-82f4-acf79f6727f9,broaden.de,resell,,,high,low,7,,,,
54c34b2a-dd34-4eae-914d-33dd69cfb555,receive.de,resell,,,high,low,7,,,,
38901acc-b382-47d9-82b9-b00b2b07d477,attachable.de,available,5.99,5.99,high,low,10,namesilo,,,07/08/2026 15:36
d8a65dbe-2e2e-4619-92b4-c01f4965e755,importance.de,resell,,,high,low,10,,,,
4f8cf492-e40b-43ea-b747-17a5c58f2a50,senescent.de,available,5.99,5.99,medium,low,9,namesilo,,,
a409b867-0d97-4adc-b4b5-a340e82713d2,whiskered.de,available,5.99,5.99,medium,low,9,namesilo,,,08/08/2026 16:15
3d55934c-01d4-4650-9f30-dea18a93f464,version.de,resell,,,high,low,7,,,,
a7b1127c-54b1-40b2-bbaf-b95318a6e7eb,alienating.de,available,5.99,5.99,medium,low,10,namesilo,,,
d329adf2-2a0e-49d3-930f-6452dc6e3f79,cxlv.de,available,5.99,5.99,medium,low,4,namesilo,,,
cc3b672d-21ac-435a-938e-7950aee82f76,suggest.de,resell,,,high,low,7,,,,
cd422f55-4215-42b1-a15d-e8ca8d5752da,fervent.de,resell,,,high,low,7,,,,